"","Date","Opponent","Nets","Opp","W","L","Season","DateC"
"1",1999-11-02,"Indiana Pacers",112,119,0,1,"2000","1999-11-02"
"2",1999-11-03,"Cleveland Cavaliers",90,97,0,2,"2000","1999-11-03"
"3",1999-11-05,"Toronto Raptors",92,112,0,3,"2000","1999-11-05"
"4",1999-11-07,"Washington Wizards",112,87,1,3,"2000","1999-11-07"
"5",1999-11-10,"Phoenix Suns",89,104,1,4,"2000","1999-11-10"
"6",1999-11-12,"Charlotte Hornets",92,96,1,5,"2000","1999-11-12"
"7",1999-11-15,"Seattle SuperSonics",92,100,1,6,"2000","1999-11-15"
"8",1999-11-17,"Detroit Pistons",107,109,1,7,"2000","1999-11-17"
"9",1999-11-19,"Boston Celtics",96,109,1,8,"2000","1999-11-19"
"10",1999-11-20,"Philadelphia 76ers",96,100,1,9,"2000","1999-11-20"
"11",1999-11-23,"Sacramento Kings",92,105,1,10,"2000","1999-11-23"
"12",1999-11-24,"Golden State Warriors",92,84,2,10,"2000","1999-11-24"
"13",1999-11-26,"Los Angeles Lakers",80,103,2,11,"2000","1999-11-26"
"14",1999-11-27,"Phoenix Suns",90,129,2,12,"2000","1999-11-27"
"15",1999-11-30,"Washington Wizards",78,85,2,13,"2000","1999-11-30"
"16",1999-12-02,"San Antonio Spurs",94,96,2,14,"2000","1999-12-02"
"17",1999-12-04,"New York Knicks",82,92,2,15,"2000","1999-12-04"
"18",1999-12-06,"Sacramento Kings",109,95,3,15,"2000","1999-12-06"
"19",1999-12-08,"Milwaukee Bucks",107,90,4,15,"2000","1999-12-08"
"20",1999-12-10,"Chicago Bulls",69,71,4,16,"2000","1999-12-10"
"22",1999-12-11,"Houston Rockets",106,94,5,16,"2000","1999-12-11"
"23",1999-12-15,"Cleveland Cavaliers",111,101,6,16,"2000","1999-12-15"
"24",1999-12-16,"Washington Wizards",104,108,6,17,"2000","1999-12-16"
"25",1999-12-18,"Cleveland Cavaliers",98,74,7,17,"2000","1999-12-18"
"26",1999-12-19,"Atlanta Hawks",96,88,8,17,"2000","1999-12-19"
"27",1999-12-21,"Toronto Raptors",87,116,8,18,"2000","1999-12-21"
"28",1999-12-23,"Philadelphia 76ers",99,94,9,18,"2000","1999-12-23"
"29",1999-12-26,"Chicago Bulls",103,76,10,18,"2000","1999-12-26"
"30",1999-12-28,"New York Knicks",89,83,11,18,"2000","1999-12-28"
"31",1999-12-30,"Orlando Magic",102,92,12,18,"2000","1999-12-30"
"32",2000-01-04,"Indiana Pacers",111,116,12,19,"2000","2000-01-04"
"33",2000-01-07,"Vancouver Grizzlies",91,101,12,20,"2000","2000-01-07"
"34",2000-01-08,"Miami Heat",90,89,13,20,"2000","2000-01-08"
"35",2000-01-10,"Orlando Magic",100,94,14,20,"2000","2000-01-10"
"36",2000-01-13,"Los Angeles Clippers",110,105,15,20,"2000","2000-01-13"
"37",2000-01-15,"Boston Celtics",96,99,15,21,"2000","2000-01-15"
"38",2000-01-17,"Philadelphia 76ers",96,101,15,22,"2000","2000-01-17"
"39",2000-01-19,"New York Knicks",89,90,15,23,"2000","2000-01-19"
"40",2000-01-20,"Detroit Pistons",122,120,16,23,"2000","2000-01-20"
"41",2000-01-22,"Dallas Mavericks",98,95,17,23,"2000","2000-01-22"
"43",2000-01-24,"Portland Trail Blazers",87,101,17,24,"2000","2000-01-24"
"44",2000-01-26,"Seattle SuperSonics",92,95,17,25,"2000","2000-01-26"
"45",2000-01-27,"Vancouver Grizzlies",106,108,17,26,"2000","2000-01-27"
"46",2000-01-29,"Los Angeles Clippers",93,98,17,27,"2000","2000-01-29"
"47",2000-02-02,"Atlanta Hawks",89,97,17,28,"2000","2000-02-02"
"48",2000-02-04,"Boston Celtics",95,100,17,29,"2000","2000-02-04"
"49",2000-02-06,"Golden State Warriors",110,90,18,29,"2000","2000-02-06"
"50",2000-02-08,"Boston Celtics",131,113,19,29,"2000","2000-02-08"
"51",2000-02-09,"Philadelphia 76ers",90,92,19,30,"2000","2000-02-09"
"52",2000-02-15,"Atlanta Hawks",86,103,19,31,"2000","2000-02-15"
"53",2000-02-18,"Miami Heat",91,84,20,31,"2000","2000-02-18"
"54",2000-02-20,"Minnesota Timberwolves",91,89,21,31,"2000","2000-02-20"
"55",2000-02-22,"Los Angeles Lakers",89,97,21,32,"2000","2000-02-22"
"56",2000-02-23,"Miami Heat",85,99,21,33,"2000","2000-02-23"
"57",2000-02-26,"Charlotte Hornets",104,93,22,33,"2000","2000-02-26"
"58",2000-02-28,"Utah Jazz",101,106,22,34,"2000","2000-02-28"
"59",2000-03-01,"Denver Nuggets",94,81,23,34,"2000","2000-03-01"
"60",2000-03-02,"Dallas Mavericks",103,102,24,34,"2000","2000-03-02"
"61",2000-03-04,"Houston Rockets",92,99,24,35,"2000","2000-03-04"
"62",2000-03-06,"San Antonio Spurs",104,106,24,36,"2000","2000-03-06"
"64",2000-03-08,"Portland Trail Blazers",115,103,25,36,"2000","2000-03-08"
"65",2000-03-10,"Milwaukee Bucks",108,80,26,36,"2000","2000-03-10"
"66",2000-03-12,"Orlando Magic",129,91,27,36,"2000","2000-03-12"
"67",2000-03-18,"Milwaukee Bucks",92,90,28,36,"2000","2000-03-18"
"68",2000-03-19,"Utah Jazz",88,92,28,37,"2000","2000-03-19"
"69",2000-03-21,"Toronto Raptors",100,93,29,37,"2000","2000-03-21"
"70",2000-03-22,"Charlotte Hornets",103,119,29,38,"2000","2000-03-22"
"71",2000-03-24,"Minnesota Timberwolves",115,116,29,39,"2000","2000-03-24"
"72",2000-03-26,"Denver Nuggets",110,112,29,40,"2000","2000-03-26"
"73",2000-03-28,"Indiana Pacers",111,106,30,40,"2000","2000-03-28"
"74",2000-03-30,"Toronto Raptors",107,103,31,40,"2000","2000-03-30"
"75",2000-03-31,"Orlando Magic",97,103,31,41,"2000","2000-03-31"
"76",2000-04-02,"Detroit Pistons",92,113,31,42,"2000","2000-04-02"
"77",2000-04-04,"Washington Wizards",93,102,31,43,"2000","2000-04-04"
"78",2000-04-05,"Indiana Pacers",101,105,31,44,"2000","2000-04-05"
"79",2000-04-07,"Miami Heat",85,103,31,45,"2000","2000-04-07"
"80",2000-04-08,"Milwaukee Bucks",101,109,31,46,"2000","2000-04-08"
"81",2000-04-11,"Chicago Bulls",93,100,31,47,"2000","2000-04-11"
"82",2000-04-12,"New York Knicks",89,91,31,48,"2000","2000-04-12"
"83",2000-04-14,"Orlando Magic",88,96,31,49,"2000","2000-04-14"
"85",2000-04-18,"Atlanta Hawks",109,111,31,50,"2000","2000-04-18"
"86",2000-04-19,"Cleveland Cavaliers",108,111,31,51,"2000","2000-04-19"
"110",2000-10-31,"Cleveland Cavaliers",82,86,0,1,"2001","2000-10-31"
"21",2000-11-03,"Chicago Bulls",92,82,1,1,"2001","2000-11-03"
"310",2000-11-04,"Charlotte Hornets",87,98,1,2,"2001","2000-11-04"
"42",2000-11-08,"Washington Wizards",102,86,2,2,"2001","2000-11-08"
"510",2000-11-09,"Detroit Pistons",94,108,2,3,"2001","2000-11-09"
"63",2000-11-11,"Seattle SuperSonics",126,91,3,3,"2001","2000-11-11"
"710",2000-11-13,"Portland Trail Blazers",82,94,3,4,"2001","2000-11-13"
"84",2000-11-15,"Miami Heat",93,91,4,4,"2001","2000-11-15"
"91",2000-11-18,"Indiana Pacers",97,92,5,4,"2001","2000-11-18"
"101",2000-11-20,"Los Angeles Clippers",86,85,6,4,"2001","2000-11-20"
"111",2000-11-22,"Phoenix Suns",85,97,6,5,"2001","2000-11-22"
"121",2000-11-24,"Utah Jazz",85,97,6,6,"2001","2000-11-24"
"131",2000-11-25,"Portland Trail Blazers",84,86,6,7,"2001","2000-11-25"
"141",2000-11-28,"Utah Jazz",92,98,6,8,"2001","2000-11-28"
"151",2000-11-29,"Detroit Pistons",76,97,6,9,"2001","2000-11-29"
"161",2000-12-01,"Orlando Magic",80,83,6,10,"2001","2000-12-01"
"171",2000-12-02,"Orlando Magic",74,95,6,11,"2001","2000-12-02"
"181",2000-12-05,"Indiana Pacers",64,88,6,12,"2001","2000-12-05"
"191",2000-12-06,"Milwaukee Bucks",87,109,6,13,"2001","2000-12-06"
"201",2000-12-08,"Phoenix Suns",86,84,7,13,"2001","2000-12-08"
"221",2000-12-10,"Dallas Mavericks",73,99,7,14,"2001","2000-12-10"
"231",2000-12-12,"Minnesota Timberwolves",116,94,8,14,"2001","2000-12-12"
"241",2000-12-16,"Atlanta Hawks",89,83,9,14,"2001","2000-12-16"
"251",2000-12-17,"Sacramento Kings",79,95,9,15,"2001","2000-12-17"
"261",2000-12-20,"Boston Celtics",86,99,9,16,"2001","2000-12-20"
"271",2000-12-21,"Milwaukee Bucks",78,80,9,17,"2001","2000-12-21"
"281",2000-12-23,"Miami Heat",80,86,9,18,"2001","2000-12-23"
"291",2000-12-26,"Atlanta Hawks",76,81,9,19,"2001","2000-12-26"
"301",2000-12-28,"Boston Celtics",111,112,9,20,"2001","2000-12-28"
"311",2000-12-31,"Chicago Bulls",77,86,9,21,"2001","2000-12-31"
"321",2001-01-02,"Orlando Magic",120,110,10,21,"2001","2001-01-02"
"331",2001-01-04,"Miami Heat",78,81,10,22,"2001","2001-01-04"
"341",2001-01-06,"Golden State Warriors",97,92,11,22,"2001","2001-01-06"
"351",2001-01-08,"Cleveland Cavaliers",90,92,11,23,"2001","2001-01-08"
"361",2001-01-09,"Philadelphia 76ers",87,104,11,24,"2001","2001-01-09"
"371",2001-01-11,"Orlando Magic",87,101,11,25,"2001","2001-01-11"
"381",2001-01-13,"Milwaukee Bucks",81,115,11,26,"2001","2001-01-13"
"391",2001-01-15,"Atlanta Hawks",84,78,12,26,"2001","2001-01-15"
"401",2001-01-17,"Washington Wizards",108,89,13,26,"2001","2001-01-17"
"411",2001-01-19,"Philadelphia 76ers",86,97,13,27,"2001","2001-01-19"
"431",2001-01-20,"Chicago Bulls",123,103,14,27,"2001","2001-01-20"
"441",2001-01-23,"Sacramento Kings",104,130,14,28,"2001","2001-01-23"
"451",2001-01-24,"Golden State Warriors",87,109,14,29,"2001","2001-01-24"
"461",2001-01-26,"Los Angeles Lakers",101,113,14,30,"2001","2001-01-26"
"471",2001-01-27,"Seattle SuperSonics",97,106,14,31,"2001","2001-01-27"
"481",2001-01-29,"Vancouver Grizzlies",86,97,14,32,"2001","2001-01-29"
"491",2001-01-31,"Detroit Pistons",103,112,14,33,"2001","2001-01-31"
"501",2001-02-02,"New York Knicks",71,95,14,34,"2001","2001-02-02"
"511",2001-02-04,"Philadelphia 76ers",96,89,15,34,"2001","2001-02-04"
"521",2001-02-06,"Atlanta Hawks",90,84,16,34,"2001","2001-02-06"
"531",2001-02-08,"San Antonio Spurs",99,97,17,34,"2001","2001-02-08"
"541",2001-02-13,"Los Angeles Lakers",110,113,17,35,"2001","2001-02-13"
"551",2001-02-14,"Detroit Pistons",86,105,17,36,"2001","2001-02-14"
"561",2001-02-16,"New York Knicks",104,114,17,37,"2001","2001-02-16"
"571",2001-02-18,"Los Angeles Clippers",102,96,18,37,"2001","2001-02-18"
"581",2001-02-21,"Toronto Raptors",113,111,19,37,"2001","2001-02-21"
"591",2001-02-24,"Miami Heat",70,75,19,38,"2001","2001-02-24"
"601",2001-02-25,"Washington Wizards",101,91,20,38,"2001","2001-02-25"
"611",2001-02-28,"Charlotte Hornets",88,91,20,39,"2001","2001-02-28"
"621",2001-03-02,"Toronto Raptors",90,107,20,40,"2001","2001-03-02"
"641",2001-03-04,"Indiana Pacers",120,96,21,40,"2001","2001-03-04"
"651",2001-03-05,"Milwaukee Bucks",100,107,21,41,"2001","2001-03-05"
"661",2001-03-07,"Philadelphia 76ers",94,102,21,42,"2001","2001-03-07"
"671",2001-03-09,"New York Knicks",96,83,22,42,"2001","2001-03-09"
"681",2001-03-10,"Washington Wizards",101,107,22,43,"2001","2001-03-10"
"691",2001-03-13,"Dallas Mavericks",98,122,22,44,"2001","2001-03-13"
"701",2001-03-15,"Houston Rockets",106,108,22,45,"2001","2001-03-15"
"711",2001-03-16,"San Antonio Spurs",86,95,22,46,"2001","2001-03-16"
"721",2001-03-18,"Denver Nuggets",84,98,22,47,"2001","2001-03-18"
"731",2001-03-20,"Vancouver Grizzlies",104,90,23,47,"2001","2001-03-20"
"741",2001-03-22,"Boston Celtics",98,113,23,48,"2001","2001-03-22"
"751",2001-03-23,"New York Knicks",95,86,24,48,"2001","2001-03-23"
"761",2001-03-25,"Minnesota Timberwolves",91,105,24,49,"2001","2001-03-25"
"771",2001-03-28,"Denver Nuggets",99,96,25,49,"2001","2001-03-28"
"781",2001-03-30,"Toronto Raptors",99,110,25,50,"2001","2001-03-30"
"791",2001-04-01,"Houston Rockets",101,98,26,50,"2001","2001-04-01"
"801",2001-04-03,"Charlotte Hornets",88,103,26,51,"2001","2001-04-03"
"811",2001-04-08,"Indiana Pacers",83,108,26,52,"2001","2001-04-08"
"821",2001-04-12,"Charlotte Hornets",78,88,26,53,"2001","2001-04-12"
"831",2001-04-13,"Cleveland Cavaliers",91,97,26,54,"2001","2001-04-13"
"851",2001-04-15,"Boston Celtics",88,95,26,55,"2001","2001-04-15"
"861",2001-04-17,"Chicago Bulls",94,100,26,56,"2001","2001-04-17"
"112",2001-10-30,"Indiana Pacers",103,97,1,0,"2002","2001-10-30"
"210",2001-10-31,"Boston Celtics",95,92,2,0,"2002","2001-10-31"
"312",2001-11-02,"Detroit Pistons",88,102,2,1,"2002","2001-11-02"
"410",2001-11-03,"Charlotte Hornets",95,85,3,1,"2002","2001-11-03"
"512",2001-11-08,"Seattle SuperSonics",106,94,4,1,"2002","2001-11-08"
"610",2001-11-10,"Cleveland Cavaliers",87,84,5,1,"2002","2001-11-10"
"712",2001-11-13,"Indiana Pacers",91,82,6,1,"2002","2001-11-13"
"87",2001-11-16,"New York Knicks",109,83,7,1,"2002","2001-11-16"
"92",2001-11-17,"Philadelphia 76ers",82,94,7,2,"2002","2001-11-17"
"102",2001-11-19,"Denver Nuggets",96,99,7,3,"2002","2001-11-19"
"113",2001-11-21,"Utah Jazz",90,89,8,3,"2002","2001-11-21"
"122",2001-11-22,"Los Angeles Clippers",95,90,9,3,"2002","2001-11-22"
"132",2001-11-24,"Sacramento Kings",97,98,9,4,"2002","2001-11-24"
"142",2001-11-25,"Golden State Warriors",85,101,9,5,"2002","2001-11-25"
"152",2001-11-27,"Chicago Bulls",100,68,10,5,"2002","2001-11-27"
"162",2001-12-01,"Boston Celtics",98,105,10,6,"2002","2001-12-01"
"172",2001-12-05,"Phoenix Suns",106,87,11,6,"2002","2001-12-05"
"182",2001-12-07,"Cleveland Cavaliers",96,84,12,6,"2002","2001-12-07"
"192",2001-12-08,"Milwaukee Bucks",79,95,12,7,"2002","2001-12-08"
"202",2001-12-11,"Chicago Bulls",107,93,13,7,"2002","2001-12-11"
"222",2001-12-14,"Miami Heat",95,86,14,7,"2002","2001-12-14"
"232",2001-12-16,"New York Knicks",114,96,15,7,"2002","2001-12-16"
"242",2001-12-19,"Minnesota Timberwolves",117,112,16,7,"2002","2001-12-19"
"252",2001-12-21,"Indiana Pacers",94,100,16,8,"2002","2001-12-21"
"262",2001-12-22,"Utah Jazz",90,104,16,9,"2002","2001-12-22"
"272",2001-12-26,"Cleveland Cavaliers",91,89,17,9,"2002","2001-12-26"
"282",2001-12-27,"Detroit Pistons",88,75,18,9,"2002","2001-12-27"
"292",2001-12-29,"Indiana Pacers",98,93,19,9,"2002","2001-12-29"
"302",2001-12-31,"Washington Wizards",76,98,19,10,"2002","2001-12-31"
"313",2002-01-02,"Memphis Grizzlies",92,74,20,10,"2002","2002-01-02"
"322",2002-01-04,"Orlando Magic",96,109,20,11,"2002","2002-01-04"
"332",2002-01-05,"Charlotte Hornets",89,80,21,11,"2002","2002-01-05"
"342",2002-01-08,"Miami Heat",104,95,22,11,"2002","2002-01-08"
"352",2002-01-10,"Los Angeles Clippers",108,89,23,11,"2002","2002-01-10"
"362",2002-01-12,"Orlando Magic",91,85,24,11,"2002","2002-01-12"
"372",2002-01-14,"San Antonio Spurs",99,97,25,11,"2002","2002-01-14"
"382",2002-01-16,"Washington Wizards",111,67,26,11,"2002","2002-01-16"
"392",2002-01-18,"Toronto Raptors",77,89,26,12,"2002","2002-01-18"
"402",2002-01-19,"Houston Rockets",99,90,27,12,"2002","2002-01-19"
"412",2002-01-21,"Dallas Mavericks",105,113,27,13,"2002","2002-01-21"
"432",2002-01-22,"San Antonio Spurs",92,86,28,13,"2002","2002-01-22"
"442",2002-01-24,"Houston Rockets",103,98,29,13,"2002","2002-01-24"
"452",2002-01-26,"Miami Heat",77,90,29,14,"2002","2002-01-26"
"462",2002-01-31,"Milwaukee Bucks",125,100,30,14,"2002","2002-01-31"
"472",2002-02-02,"Toronto Raptors",98,91,31,14,"2002","2002-02-02"
"482",2002-02-04,"Sacramento Kings",117,83,32,14,"2002","2002-02-04"
"492",2002-02-06,"Dallas Mavericks",100,112,32,15,"2002","2002-02-06"
"502",2002-02-12,"Atlanta Hawks",103,105,32,16,"2002","2002-02-12"
"513",2002-02-14,"Detroit Pistons",80,85,32,17,"2002","2002-02-14"
"522",2002-02-15,"Chicago Bulls",106,81,33,17,"2002","2002-02-15"
"532",2002-02-17,"Denver Nuggets",98,77,34,17,"2002","2002-02-17"
"542",2002-02-19,"Golden State Warriors",123,115,35,17,"2002","2002-02-19"
"552",2002-02-21,"Washington Wizards",93,82,36,17,"2002","2002-02-21"
"562",2002-02-22,"New York Knicks",115,93,37,17,"2002","2002-02-22"
"572",2002-02-24,"Charlotte Hornets",95,93,38,17,"2002","2002-02-24"
"582",2002-02-27,"Charlotte Hornets",85,104,38,18,"2002","2002-02-27"
"592",2002-03-01,"Philadelphia 76ers",102,110,38,19,"2002","2002-03-01"
"602",2002-03-03,"Chicago Bulls",92,84,39,19,"2002","2002-03-03"
"612",2002-03-05,"Los Angeles Lakers",92,101,39,20,"2002","2002-03-05"
"622",2002-03-06,"Phoenix Suns",87,89,39,21,"2002","2002-03-06"
"642",2002-03-08,"Portland Trail Blazers",73,82,39,22,"2002","2002-03-08"
"652",2002-03-09,"Seattle SuperSonics",90,96,39,23,"2002","2002-03-09"
"662",2002-03-12,"Toronto Raptors",86,84,40,23,"2002","2002-03-12"
"672",2002-03-13,"Boston Celtics",89,97,40,24,"2002","2002-03-13"
"682",2002-03-15,"Miami Heat",97,78,41,24,"2002","2002-03-15"
"692",2002-03-17,"Memphis Grizzlies",87,76,42,24,"2002","2002-03-17"
"702",2002-03-19,"Cleveland Cavaliers",97,100,42,25,"2002","2002-03-19"
"713",2002-03-20,"Portland Trail Blazers",97,82,43,25,"2002","2002-03-20"
"722",2002-03-22,"Milwaukee Bucks",108,84,44,25,"2002","2002-03-22"
"732",2002-03-24,"Atlanta Hawks",116,102,45,25,"2002","2002-03-24"
"742",2002-03-26,"Atlanta Hawks",77,103,45,26,"2002","2002-03-26"
"752",2002-03-27,"Philadelphia 76ers",88,80,46,26,"2002","2002-03-27"
"762",2002-03-30,"Philadelphia 76ers",102,92,47,26,"2002","2002-03-30"
"772",2002-03-31,"Minnesota Timberwolves",85,86,47,27,"2002","2002-03-31"
"782",2002-04-03,"Los Angeles Lakers",94,92,48,27,"2002","2002-04-03"
"792",2002-04-05,"Orlando Magic",110,85,49,27,"2002","2002-04-05"
"802",2002-04-07,"Boston Celtics",90,102,49,28,"2002","2002-04-07"
"812",2002-04-09,"Washington Wizards",101,88,50,28,"2002","2002-04-09"
"822",2002-04-11,"Orlando Magic",101,99,51,28,"2002","2002-04-11"
"832",2002-04-14,"Toronto Raptors",82,101,51,29,"2002","2002-04-14"
"852",2002-04-16,"Detroit Pistons",98,103,51,30,"2002","2002-04-16"
"862",2002-04-17,"New York Knicks",99,94,52,30,"2002","2002-04-17"
"114",2002-10-30,"Atlanta Hawks",105,94,1,0,"2003","2002-10-30"
"211",2002-11-01,"Indiana Pacers",102,91,2,0,"2003","2002-11-01"
"314",2002-11-02,"Washington Wizards",87,79,3,0,"2003","2002-11-02"
"413",2002-11-04,"Minnesota Timberwolves",106,82,4,0,"2003","2002-11-04"
"514",2002-11-06,"Milwaukee Bucks",93,99,4,1,"2003","2002-11-06"
"613",2002-11-08,"Los Angeles Clippers",106,92,5,1,"2003","2002-11-08"
"714",2002-11-09,"Chicago Bulls",93,100,5,2,"2003","2002-11-09"
"88",2002-11-13,"San Antonio Spurs",91,82,6,2,"2003","2002-11-13"
"93",2002-11-15,"Miami Heat",93,84,7,2,"2003","2002-11-15"
"103",2002-11-16,"Dallas Mavericks",88,96,7,3,"2003","2002-11-16"
"115",2002-11-18,"Denver Nuggets",99,79,8,3,"2003","2002-11-18"
"123",2002-11-20,"Boston Celtics",79,96,8,4,"2003","2002-11-20"
"133",2002-11-22,"Cleveland Cavaliers",120,79,9,4,"2003","2002-11-22"
"143",2002-11-23,"Minnesota Timberwolves",96,82,10,4,"2003","2002-11-23"
"153",2002-11-27,"Phoenix Suns",75,82,10,5,"2003","2002-11-27"
"163",2002-11-28,"Los Angeles Clippers",118,126,10,6,"2003","2002-11-28"
"173",2002-11-30,"Portland Trail Blazers",93,86,11,6,"2003","2002-11-30"
"183",2002-12-01,"Seattle SuperSonics",95,96,11,7,"2003","2002-12-01"
"193",2002-12-03,"Atlanta Hawks",87,72,12,7,"2003","2002-12-03"
"203",2002-12-07,"Orlando Magic",121,88,13,7,"2003","2002-12-07"
"223",2002-12-09,"Phoenix Suns",106,93,14,7,"2003","2002-12-09"
"233",2002-12-11,"Portland Trail Blazers",105,104,15,7,"2003","2002-12-11"
"243",2002-12-13,"Washington Wizards",79,65,16,7,"2003","2002-12-13"
"253",2002-12-15,"Detroit Pistons",91,101,16,8,"2003","2002-12-15"
"263",2002-12-17,"New York Knicks",99,101,16,9,"2003","2002-12-17"
"273",2002-12-19,"Los Angeles Lakers",98,71,17,9,"2003","2002-12-19"
"283",2002-12-21,"Detroit Pistons",100,92,18,9,"2003","2002-12-21"
"293",2002-12-23,"Chicago Bulls",99,83,19,9,"2003","2002-12-23"
"303",2002-12-25,"Boston Celtics",117,81,20,9,"2003","2002-12-25"
"315",2002-12-27,"Milwaukee Bucks",110,90,21,9,"2003","2002-12-27"
"323",2002-12-28,"Milwaukee Bucks",104,96,22,9,"2003","2002-12-28"
"333",2002-12-30,"Cleveland Cavaliers",102,88,23,9,"2003","2002-12-30"
"343",2003-01-03,"Miami Heat",100,80,24,9,"2003","2003-01-03"
"353",2003-01-04,"Orlando Magic",88,83,25,9,"2003","2003-01-04"
"363",2003-01-06,"Atlanta Hawks",101,94,26,9,"2003","2003-01-06"
"373",2003-01-09,"Sacramento Kings",82,118,26,10,"2003","2003-01-09"
"383",2003-01-10,"Toronto Raptors",94,79,27,10,"2003","2003-01-10"
"393",2003-01-15,"Philadelphia 76ers",107,108,27,11,"2003","2003-01-15"
"403",2003-01-17,"Toronto Raptors",88,77,28,11,"2003","2003-01-17"
"414",2003-01-20,"Utah Jazz",103,106,28,12,"2003","2003-01-20"
"433",2003-01-21,"Sacramento Kings",102,109,28,13,"2003","2003-01-21"
"443",2003-01-23,"Golden State Warriors",97,105,28,14,"2003","2003-01-23"
"453",2003-01-24,"Los Angeles Lakers",89,83,29,14,"2003","2003-01-24"
"463",2003-01-27,"Denver Nuggets",92,66,30,14,"2003","2003-01-27"
"473",2003-01-29,"Washington Wizards",86,78,31,14,"2003","2003-01-29"
"483",2003-01-31,"New Orleans Hornets",89,72,32,14,"2003","2003-01-31"
"493",2003-02-01,"Detroit Pistons",84,106,32,15,"2003","2003-02-01"
"503",2003-02-03,"Seattle SuperSonics",109,108,33,15,"2003","2003-02-03"
"515",2003-02-05,"Philadelphia 76ers",111,85,34,15,"2003","2003-02-05"
"523",2003-02-11,"Orlando Magic",83,92,34,16,"2003","2003-02-11"
"533",2003-02-12,"Memphis Grizzlies",90,97,34,17,"2003","2003-02-12"
"543",2003-02-14,"Chicago Bulls",90,72,35,17,"2003","2003-02-14"
"553",2003-02-16,"Philadelphia 76ers",83,90,35,18,"2003","2003-02-16"
"563",2003-02-18,"Miami Heat",84,79,36,18,"2003","2003-02-18"
"573",2003-02-20,"Indiana Pacers",98,91,37,18,"2003","2003-02-20"
"583",2003-02-21,"Washington Wizards",86,89,37,19,"2003","2003-02-21"
"593",2003-02-23,"Orlando Magic",105,113,37,20,"2003","2003-02-23"
"603",2003-02-25,"Cleveland Cavaliers",90,93,37,21,"2003","2003-02-25"
"614",2003-02-26,"New York Knicks",105,76,38,21,"2003","2003-02-26"
"623",2003-03-02,"Utah Jazz",90,91,38,22,"2003","2003-03-02"
"643",2003-03-04,"Dallas Mavericks",79,88,38,23,"2003","2003-03-04"
"653",2003-03-06,"San Antonio Spurs",78,92,38,24,"2003","2003-03-06"
"663",2003-03-08,"Houston Rockets",71,83,38,25,"2003","2003-03-08"
"673",2003-03-09,"New Orleans Hornets",102,92,39,25,"2003","2003-03-09"
"683",2003-03-13,"Boston Celtics",90,75,40,25,"2003","2003-03-13"
"693",2003-03-16,"Philadelphia 76ers",87,92,40,26,"2003","2003-03-16"
"703",2003-03-18,"Boston Celtics",87,74,41,26,"2003","2003-03-18"
"715",2003-03-19,"Milwaukee Bucks",85,104,41,27,"2003","2003-03-19"
"723",2003-03-22,"Memphis Grizzlies",107,99,42,27,"2003","2003-03-22"
"733",2003-03-23,"Cleveland Cavaliers",88,93,42,28,"2003","2003-03-23"
"743",2003-03-26,"New York Knicks",101,95,43,28,"2003","2003-03-26"
"753",2003-03-28,"New York Knicks",122,101,44,28,"2003","2003-03-28"
"763",2003-03-29,"Golden State Warriors",109,97,45,28,"2003","2003-03-29"
"773",2003-03-31,"Houston Rockets",110,86,46,28,"2003","2003-03-31"
"783",2003-04-02,"New Orleans Hornets",97,106,46,29,"2003","2003-04-02"
"793",2003-04-04,"Miami Heat",99,83,47,29,"2003","2003-04-04"
"803",2003-04-06,"Toronto Raptors",96,87,48,29,"2003","2003-04-06"
"813",2003-04-09,"Atlanta Hawks",92,97,48,30,"2003","2003-04-09"
"823",2003-04-11,"Chicago Bulls",86,95,48,31,"2003","2003-04-11"
"833",2003-04-12,"Toronto Raptors",94,86,49,31,"2003","2003-04-12"
"853",2003-04-14,"New Orleans Hornets",74,87,49,32,"2003","2003-04-14"
"863",2003-04-16,"Indiana Pacers",83,90,49,33,"2003","2003-04-16"
"116",2003-10-29,"Toronto Raptors",87,90,0,1,"2004","2003-10-29"
"212",2003-10-31,"Minnesota Timberwolves",84,61,1,1,"2004","2003-10-31"
"316",2003-11-01,"Washington Wizards",98,85,2,1,"2004","2003-11-01"
"415",2003-11-04,"Houston Rockets",75,86,2,2,"2004","2003-11-04"
"516",2003-11-06,"Indiana Pacers",81,87,2,3,"2004","2003-11-06"
"615",2003-11-07,"Boston Celtics",94,87,3,3,"2004","2003-11-07"
"716",2003-11-09,"Detroit Pistons",84,98,3,4,"2004","2003-11-09"
"89",2003-11-12,"San Antonio Spurs",71,85,3,5,"2004","2003-11-12"
"94",2003-11-14,"New York Knicks",85,80,4,5,"2004","2003-11-14"
"104",2003-11-15,"Atlanta Hawks",100,85,5,5,"2004","2003-11-15"
"117",2003-11-18,"New Orleans Hornets",85,88,5,6,"2004","2003-11-18"
"124",2003-11-22,"Toronto Raptors",80,81,5,7,"2004","2003-11-22"
"134",2003-11-25,"Seattle SuperSonics",93,70,6,7,"2004","2003-11-25"
"144",2003-11-27,"Los Angeles Clippers",102,96,7,7,"2004","2003-11-27"
"154",2003-11-28,"Portland Trail Blazers",93,97,7,8,"2004","2003-11-28"
"164",2003-11-30,"Sacramento Kings",92,105,7,9,"2004","2003-11-30"
"174",2003-12-01,"Utah Jazz",84,91,7,10,"2004","2003-12-01"
"184",2003-12-03,"Memphis Grizzlies",93,96,7,11,"2004","2003-12-03"
"194",2003-12-05,"Milwaukee Bucks",93,86,8,11,"2004","2003-12-05"
"204",2003-12-06,"Phoenix Suns",99,88,9,11,"2004","2003-12-06"
"224",2003-12-09,"Seattle SuperSonics",101,88,10,11,"2004","2003-12-09"
"234",2003-12-12,"Orlando Magic",99,95,11,11,"2004","2003-12-12"
"244",2003-12-13,"Memphis Grizzlies",63,110,11,12,"2004","2003-12-13"
"254",2003-12-17,"Utah Jazz",87,74,12,12,"2004","2003-12-17"
"264",2003-12-19,"Washington Wizards",97,87,13,12,"2004","2003-12-19"
"274",2003-12-20,"Milwaukee Bucks",87,92,13,13,"2004","2003-12-20"
"284",2003-12-23,"Chicago Bulls",95,78,14,13,"2004","2003-12-23"
"294",2003-12-26,"Detroit Pistons",82,79,15,13,"2004","2003-12-26"
"304",2003-12-27,"Indiana Pacers",82,75,16,13,"2004","2003-12-27"
"317",2003-12-29,"Portland Trail Blazers",87,91,16,14,"2004","2003-12-29"
"324",2003-12-31,"Golden State Warriors",88,70,17,14,"2004","2003-12-31"
"334",2004-01-02,"Cleveland Cavaliers",97,82,18,14,"2004","2004-01-02"
"344",2004-01-04,"New York Knicks",95,85,19,14,"2004","2004-01-04"
"354",2004-01-06,"Los Angeles Clippers",92,75,20,14,"2004","2004-01-06"
"364",2004-01-09,"Philadelphia 76ers",81,97,20,15,"2004","2004-01-09"
"374",2004-01-14,"Washington Wizards",115,103,21,15,"2004","2004-01-14"
"384",2004-01-15,"Milwaukee Bucks",83,86,21,16,"2004","2004-01-15"
"394",2004-01-17,"Indiana Pacers",84,90,21,17,"2004","2004-01-17"
"404",2004-01-20,"Dallas Mavericks",93,106,21,18,"2004","2004-01-20"
"416",2004-01-21,"San Antonio Spurs",76,99,21,19,"2004","2004-01-21"
"434",2004-01-23,"Miami Heat",64,85,21,20,"2004","2004-01-23"
"444",2004-01-25,"Boston Celtics",110,91,22,20,"2004","2004-01-25"
"454",2004-01-27,"Philadelphia 76ers",94,76,23,20,"2004","2004-01-27"
"464",2004-01-29,"Orlando Magic",89,79,24,20,"2004","2004-01-29"
"474",2004-01-31,"Houston Rockets",88,77,25,20,"2004","2004-01-31"
"484",2004-02-02,"New Orleans Hornets",91,70,26,20,"2004","2004-02-02"
"494",2004-02-04,"Miami Heat",99,88,27,20,"2004","2004-02-04"
"504",2004-02-06,"Orlando Magic",120,99,28,20,"2004","2004-02-06"
"517",2004-02-08,"Philadelphia 76ers",99,87,29,20,"2004","2004-02-08"
"524",2004-02-10,"Detroit Pistons",89,78,30,20,"2004","2004-02-10"
"534",2004-02-11,"Cleveland Cavaliers",105,85,31,20,"2004","2004-02-11"
"544",2004-02-18,"Atlanta Hawks",98,92,32,20,"2004","2004-02-18"
"554",2004-02-20,"Toronto Raptors",91,72,33,20,"2004","2004-02-20"
"564",2004-02-21,"New Orleans Hornets",97,84,34,20,"2004","2004-02-21"
"574",2004-02-24,"Toronto Raptors",86,74,35,20,"2004","2004-02-24"
"584",2004-02-25,"Minnesota Timberwolves",68,81,35,21,"2004","2004-02-25"
"594",2004-02-28,"Miami Heat",92,86,36,21,"2004","2004-02-28"
"604",2004-02-29,"Los Angeles Lakers",83,100,36,22,"2004","2004-02-29"
"616",2004-03-02,"Denver Nuggets",95,91,37,22,"2004","2004-03-02"
"624",2004-03-03,"Phoenix Suns",74,87,37,23,"2004","2004-03-03"
"644",2004-03-05,"Golden State Warriors",78,74,38,23,"2004","2004-03-05"
"654",2004-03-07,"Los Angeles Lakers",88,94,38,24,"2004","2004-03-07"
"664",2004-03-10,"Denver Nuggets",98,97,39,24,"2004","2004-03-10"
"674",2004-03-12,"Chicago Bulls",88,76,40,24,"2004","2004-03-12"
"684",2004-03-14,"Miami Heat",95,104,40,25,"2004","2004-03-14"
"694",2004-03-16,"Sacramento Kings",94,77,41,25,"2004","2004-03-16"
"704",2004-03-18,"Detroit Pistons",71,89,41,26,"2004","2004-03-18"
"717",2004-03-19,"New York Knicks",65,79,41,27,"2004","2004-03-19"
"724",2004-03-21,"Dallas Mavericks",98,101,41,28,"2004","2004-03-21"
"734",2004-03-23,"Chicago Bulls",84,81,42,28,"2004","2004-03-23"
"744",2004-03-26,"Boston Celtics",93,102,42,29,"2004","2004-03-26"
"754",2004-03-27,"Cleveland Cavaliers",104,107,42,30,"2004","2004-03-27"
"764",2004-03-29,"Boston Celtics",80,84,42,31,"2004","2004-03-29"
"774",2004-03-31,"Washington Wizards",103,99,43,31,"2004","2004-03-31"
"784",2004-04-02,"New York Knicks",108,83,44,31,"2004","2004-04-02"
"794",2004-04-04,"Atlanta Hawks",106,89,45,31,"2004","2004-04-04"
"804",2004-04-06,"Milwaukee Bucks",98,103,45,32,"2004","2004-04-06"
"814",2004-04-08,"Orlando Magic",101,81,46,32,"2004","2004-04-08"
"824",2004-04-09,"Indiana Pacers",80,90,46,33,"2004","2004-04-09"
"834",2004-04-11,"Philadelphia 76ers",89,75,47,33,"2004","2004-04-11"
"854",2004-04-12,"Atlanta Hawks",107,129,47,34,"2004","2004-04-12"
"864",2004-04-14,"Miami Heat",84,96,47,35,"2004","2004-04-14"
"118",2004-11-03,"Miami Heat",77,100,0,1,"2005","2004-11-03"
"213",2004-11-05,"Chicago Bulls",111,106,1,1,"2005","2004-11-05"
"318",2004-11-06,"Phoenix Suns",80,112,1,2,"2005","2004-11-06"
"417",2004-11-09,"Portland Trail Blazers",64,60,2,2,"2005","2004-11-09"
"518",2004-11-10,"Philadelphia 76ers",100,108,2,3,"2005","2004-11-10"
"617",2004-11-13,"Dallas Mavericks",78,94,2,4,"2005","2004-11-13"
"718",2004-11-15,"Houston Rockets",69,80,2,5,"2005","2004-11-15"
"810",2004-11-17,"Seattle SuperSonics",68,79,2,6,"2005","2004-11-17"
"95",2004-11-20,"Washington Wizards",86,97,2,7,"2005","2004-11-20"
"105",2004-11-23,"Denver Nuggets",88,90,2,8,"2005","2004-11-23"
"119",2004-11-25,"Los Angeles Clippers",88,101,2,9,"2005","2004-11-25"
"125",2004-11-26,"Seattle SuperSonics",79,92,2,10,"2005","2004-11-26"
"135",2004-11-28,"Portland Trail Blazers",71,83,2,11,"2005","2004-11-28"
"145",2004-11-30,"Charlotte Bobcats",99,86,3,11,"2005","2004-11-30"
"155",2004-12-01,"Washington Wizards",68,95,3,12,"2005","2004-12-01"
"165",2004-12-04,"Atlanta Hawks",109,88,4,12,"2005","2004-12-04"
"175",2004-12-06,"Toronto Raptors",88,86,5,12,"2005","2004-12-06"
"185",2004-12-07,"Cleveland Cavaliers",97,103,5,13,"2005","2004-12-07"
"195",2004-12-10,"New Orleans Hornets",94,91,6,13,"2005","2004-12-10"
"205",2004-12-11,"Atlanta Hawks",95,90,7,13,"2005","2004-12-11"
"225",2004-12-14,"New York Knicks",79,87,7,14,"2005","2004-12-14"
"235",2004-12-17,"Memphis Grizzlies",84,89,7,15,"2005","2004-12-17"
"245",2004-12-19,"Toronto Raptors",99,110,7,16,"2005","2004-12-19"
"255",2004-12-21,"Charlotte Bobcats",94,91,8,16,"2005","2004-12-21"
"265",2004-12-22,"Cleveland Cavaliers",92,90,9,16,"2005","2004-12-22"
"275",2004-12-27,"Detroit Pistons",90,100,9,17,"2005","2004-12-27"
"285",2004-12-28,"Chicago Bulls",84,80,10,17,"2005","2004-12-28"
"295",2004-12-30,"Indiana Pacers",83,96,10,18,"2005","2004-12-30"
"305",2005-01-01,"New York Knicks",93,87,11,18,"2005","2005-01-01"
"319",2005-01-04,"Washington Wizards",88,112,11,19,"2005","2005-01-04"
"325",2005-01-05,"Milwaukee Bucks",74,97,11,20,"2005","2005-01-05"
"335",2005-01-07,"Golden State Warriors",82,72,12,20,"2005","2005-01-07"
"345",2005-01-08,"Orlando Magic",101,104,12,21,"2005","2005-01-08"
"355",2005-01-11,"Detroit Pistons",80,89,12,22,"2005","2005-01-11"
"365",2005-01-13,"Houston Rockets",85,94,12,23,"2005","2005-01-13"
"375",2005-01-15,"Dallas Mavericks",93,98,12,24,"2005","2005-01-15"
"385",2005-01-17,"Atlanta Hawks",85,84,13,24,"2005","2005-01-17"
"395",2005-01-19,"Milwaukee Bucks",96,90,14,24,"2005","2005-01-19"
"405",2005-01-21,"Boston Celtics",104,98,15,24,"2005","2005-01-21"
"418",2005-01-23,"Phoenix Suns",105,113,15,25,"2005","2005-01-23"
"435",2005-01-25,"Sacramento Kings",93,113,15,26,"2005","2005-01-25"
"445",2005-01-26,"Golden State Warriors",113,99,16,26,"2005","2005-01-26"
"455",2005-01-28,"Los Angeles Lakers",109,103,17,26,"2005","2005-01-28"
"465",2005-01-29,"Utah Jazz",99,82,18,26,"2005","2005-01-29"
"475",2005-02-01,"Chicago Bulls",107,97,19,26,"2005","2005-02-01"
"485",2005-02-02,"Boston Celtics",89,110,19,27,"2005","2005-02-02"
"495",2005-02-05,"Detroit Pistons",107,85,20,27,"2005","2005-02-05"
"505",2005-02-07,"Philadelphia 76ers",107,97,21,27,"2005","2005-02-07"
"519",2005-02-09,"Los Angeles Lakers",103,104,21,28,"2005","2005-02-09"
"525",2005-02-11,"San Antonio Spurs",91,101,21,29,"2005","2005-02-11"
"535",2005-02-13,"Denver Nuggets",94,79,22,29,"2005","2005-02-13"
"545",2005-02-15,"Minnesota Timberwolves",71,82,22,30,"2005","2005-02-15"
"555",2005-02-16,"Sacramento Kings",96,85,23,30,"2005","2005-02-16"
"565",2005-02-22,"Toronto Raptors",82,100,23,31,"2005","2005-02-22"
"575",2005-02-23,"Milwaukee Bucks",81,100,23,32,"2005","2005-02-23"
"585",2005-02-25,"Charlotte Bobcats",93,86,24,32,"2005","2005-02-25"
"595",2005-02-27,"Cleveland Cavaliers",104,98,25,32,"2005","2005-02-27"
"605",2005-03-02,"Philadelphia 76ers",99,93,26,32,"2005","2005-03-02"
"618",2005-03-03,"Miami Heat",90,106,26,33,"2005","2005-03-03"
"625",2005-03-05,"Orlando Magic",81,105,26,34,"2005","2005-03-05"
"645",2005-03-08,"San Antonio Spurs",74,90,26,35,"2005","2005-03-08"
"655",2005-03-09,"New Orleans Hornets",86,85,27,35,"2005","2005-03-09"
"665",2005-03-12,"Miami Heat",65,90,27,36,"2005","2005-03-12"
"675",2005-03-13,"Orlando Magic",98,82,28,36,"2005","2005-03-13"
"685",2005-03-16,"Chicago Bulls",100,84,29,36,"2005","2005-03-16"
"695",2005-03-18,"Utah Jazz",94,80,30,36,"2005","2005-03-18"
"705",2005-03-20,"Indiana Pacers",94,85,31,36,"2005","2005-03-20"
"719",2005-03-22,"Indiana Pacers",98,91,32,36,"2005","2005-03-22"
"725",2005-03-24,"Memphis Grizzlies",96,105,32,37,"2005","2005-03-24"
"735",2005-03-26,"Minnesota Timberwolves",75,96,32,38,"2005","2005-03-26"
"745",2005-03-28,"Charlotte Bobcats",95,91,33,38,"2005","2005-03-28"
"755",2005-03-30,"Los Angeles Clippers",95,78,34,38,"2005","2005-03-30"
"765",2005-04-01,"New York Knicks",93,91,35,38,"2005","2005-04-01"
"775",2005-04-02,"Orlando Magic",102,103,35,39,"2005","2005-04-02"
"785",2005-04-05,"Cleveland Cavaliers",111,80,36,39,"2005","2005-04-05"
"795",2005-04-07,"New York Knicks",110,98,37,39,"2005","2005-04-07"
"805",2005-04-09,"Boston Celtics",99,86,38,39,"2005","2005-04-09"
"815",2005-04-13,"Indiana Pacers",86,90,38,40,"2005","2005-04-13"
"825",2005-04-15,"Toronto Raptors",101,90,39,40,"2005","2005-04-15"
"835",2005-04-17,"Philadelphia 76ers",104,83,40,40,"2005","2005-04-17"
"855",2005-04-19,"Washington Wizards",109,101,41,40,"2005","2005-04-19"
"865",2005-04-20,"Boston Celtics",102,93,42,40,"2005","2005-04-20"
"120",2005-11-02,"Milwaukee Bucks",96,110,0,1,"2006","2005-11-02"
"214",2005-11-04,"Toronto Raptors",102,92,1,1,"2006","2005-11-04"
"320",2005-11-05,"Chicago Bulls",100,99,2,1,"2006","2005-11-05"
"419",2005-11-07,"Miami Heat",89,90,2,2,"2006","2005-11-07"
"520",2005-11-09,"Utah Jazz",91,83,3,2,"2006","2005-11-09"
"619",2005-11-11,"Indiana Pacers",90,102,3,3,"2006","2005-11-11"
"720",2005-11-12,"Houston Rockets",91,99,3,4,"2006","2005-11-12"
"816",2005-11-15,"Seattle SuperSonics",109,99,4,4,"2006","2005-11-15"
"96",2005-11-19,"Washington Wizards",89,83,5,4,"2006","2005-11-19"
"106",2005-11-21,"Golden State Warriors",97,100,5,5,"2006","2005-11-21"
"1110",2005-11-23,"Sacramento Kings",105,114,5,6,"2006","2005-11-23"
"126",2005-11-25,"Phoenix Suns",81,92,5,7,"2006","2005-11-25"
"136",2005-11-27,"Los Angeles Lakers",102,96,6,7,"2006","2005-11-27"
"146",2005-11-28,"Denver Nuggets",101,92,7,7,"2006","2005-11-28"
"156",2005-11-30,"Detroit Pistons",83,93,7,8,"2006","2005-11-30"
"166",2005-12-03,"Toronto Raptors",82,95,7,9,"2006","2005-12-03"
"176",2005-12-07,"Charlotte Bobcats",97,84,8,9,"2006","2005-12-07"
"186",2005-12-09,"Cleveland Cavaliers",109,100,9,9,"2006","2005-12-09"
"196",2005-12-10,"Philadelphia 76ers",95,107,9,10,"2006","2005-12-10"
"206",2005-12-13,"Washington Wizards",74,94,9,11,"2006","2005-12-13"
"226",2005-12-14,"Charlotte Bobcats",83,91,9,12,"2006","2005-12-14"
"236",2005-12-16,"Denver Nuggets",115,106,10,12,"2006","2005-12-16"
"246",2005-12-18,"Golden State Warriors",118,90,11,12,"2006","2005-12-18"
"256",2005-12-20,"Los Angeles Clippers",99,85,12,12,"2006","2005-12-20"
"266",2005-12-21,"Orlando Magic",96,85,13,12,"2006","2005-12-21"
"276",2005-12-23,"Miami Heat",95,88,14,12,"2006","2005-12-23"
"286",2005-12-26,"New York Knicks",109,101,15,12,"2006","2005-12-26"
"296",2005-12-27,"Cleveland Cavaliers",96,91,16,12,"2006","2005-12-27"
"306",2005-12-30,"Atlanta Hawks",99,91,17,12,"2006","2005-12-30"
"3110",2006-01-06,"Orlando Magic",113,106,18,12,"2006","2006-01-06"
"326",2006-01-08,"Toronto Raptors",105,104,19,12,"2006","2006-01-08"
"336",2006-01-10,"San Antonio Spurs",91,96,19,13,"2006","2006-01-10"
"346",2006-01-13,"Memphis Grizzlies",69,81,19,14,"2006","2006-01-13"
"356",2006-01-14,"Dallas Mavericks",77,110,19,15,"2006","2006-01-14"
"366",2006-01-16,"Indiana Pacers",97,92,20,15,"2006","2006-01-16"
"376",2006-01-18,"Philadelphia 76ers",101,90,21,15,"2006","2006-01-18"
"386",2006-01-20,"Boston Celtics",96,99,21,16,"2006","2006-01-20"
"396",2006-01-21,"Boston Celtics",103,83,22,16,"2006","2006-01-21"
"406",2006-01-23,"Utah Jazz",78,89,22,17,"2006","2006-01-23"
"4110",2006-01-25,"Los Angeles Clippers",77,90,22,18,"2006","2006-01-25"
"436",2006-01-27,"Portland Trail Blazers",83,88,22,19,"2006","2006-01-27"
"446",2006-01-28,"Seattle SuperSonics",104,113,22,20,"2006","2006-01-28"
"456",2006-01-31,"Detroit Pistons",91,84,23,20,"2006","2006-01-31"
"466",2006-02-01,"Cleveland Cavaliers",85,91,23,21,"2006","2006-02-01"
"476",2006-02-04,"Miami Heat",105,92,24,21,"2006","2006-02-04"
"486",2006-02-06,"New Orleans/Oklahoma City Hornets",99,91,25,21,"2006","2006-02-06"
"496",2006-02-08,"New York Knicks",96,83,26,21,"2006","2006-02-08"
"506",2006-02-10,"San Antonio Spurs",73,83,26,22,"2006","2006-02-10"
"5110",2006-02-12,"Milwaukee Bucks",94,79,27,22,"2006","2006-02-12"
"526",2006-02-14,"Detroit Pistons",71,85,27,23,"2006","2006-02-14"
"536",2006-02-15,"Charlotte Bobcats",95,94,28,23,"2006","2006-02-15"
"546",2006-02-21,"Milwaukee Bucks",89,85,29,23,"2006","2006-02-21"
"556",2006-02-22,"Orlando Magic",96,93,30,23,"2006","2006-02-22"
"566",2006-02-24,"New York Knicks",94,90,31,23,"2006","2006-02-24"
"576",2006-02-26,"Indiana Pacers",91,101,31,24,"2006","2006-02-26"
"586",2006-02-27,"Atlanta Hawks",102,104,31,25,"2006","2006-02-27"
"596",2006-03-01,"Minnesota Timberwolves",90,100,31,26,"2006","2006-03-01"
"606",2006-03-04,"Toronto Raptors",105,100,32,26,"2006","2006-03-04"
"6110",2006-03-06,"Sacramento Kings",84,109,32,27,"2006","2006-03-06"
"626",2006-03-07,"Chicago Bulls",87,95,32,28,"2006","2006-03-07"
"646",2006-03-12,"New Orleans/Oklahoma City Hornets",95,84,33,28,"2006","2006-03-12"
"656",2006-03-13,"Houston Rockets",90,77,34,28,"2006","2006-03-13"
"666",2006-03-15,"Portland Trail Blazers",78,65,35,28,"2006","2006-03-15"
"676",2006-03-17,"Los Angeles Lakers",92,89,36,28,"2006","2006-03-17"
"686",2006-03-19,"Dallas Mavericks",100,89,37,28,"2006","2006-03-19"
"696",2006-03-21,"Washington Wizards",112,100,38,28,"2006","2006-03-21"
"706",2006-03-23,"Minnesota Timberwolves",86,82,39,28,"2006","2006-03-23"
"7110",2006-03-26,"Detroit Pistons",79,74,40,28,"2006","2006-03-26"
"726",2006-03-27,"Phoenix Suns",110,72,41,28,"2006","2006-03-27"
"736",2006-03-29,"Memphis Grizzlies",86,74,42,28,"2006","2006-03-29"
"746",2006-03-31,"Atlanta Hawks",91,88,43,28,"2006","2006-03-31"
"756",2006-04-02,"Miami Heat",90,78,44,28,"2006","2006-04-02"
"766",2006-04-04,"Atlanta Hawks",96,94,45,28,"2006","2006-04-04"
"776",2006-04-06,"Charlotte Bobcats",113,102,46,28,"2006","2006-04-06"
"786",2006-04-08,"Cleveland Cavaliers",102,108,46,29,"2006","2006-04-08"
"796",2006-04-09,"Milwaukee Bucks",95,83,47,29,"2006","2006-04-09"
"806",2006-04-11,"Chicago Bulls",101,104,47,30,"2006","2006-04-11"
"817",2006-04-12,"Philadelphia 76ers",96,116,47,31,"2006","2006-04-12"
"826",2006-04-14,"Boston Celtics",79,74,48,31,"2006","2006-04-14"
"836",2006-04-16,"Boston Celtics",95,93,49,31,"2006","2006-04-16"
"856",2006-04-18,"Philadelphia 76ers",88,91,49,32,"2006","2006-04-18"
"866",2006-04-19,"New York Knicks",83,90,49,33,"2006","2006-04-19"
"127",2006-11-01,"Toronto Raptors",102,92,1,0,"2007","2006-11-01"
"215",2006-11-03,"Miami Heat",85,91,1,1,"2007","2006-11-03"
"327",2006-11-08,"Utah Jazz",96,89,2,1,"2007","2006-11-08"
"420",2006-11-10,"Miami Heat",106,113,2,2,"2007","2006-11-10"
"527",2006-11-12,"Washington Wizards",105,93,3,2,"2007","2006-11-12"
"620",2006-11-13,"Seattle SuperSonics",113,119,3,3,"2007","2006-11-13"
"727",2006-11-15,"Milwaukee Bucks",100,87,4,3,"2007","2006-11-15"
"818",2006-11-17,"Indiana Pacers",100,91,5,3,"2007","2006-11-17"
"97",2006-11-18,"Portland Trail Blazers",68,86,5,4,"2007","2006-11-18"
"107",2006-11-20,"Seattle SuperSonics",87,99,5,5,"2007","2006-11-20"
"1111",2006-11-22,"Portland Trail Blazers",97,100,5,6,"2007","2006-11-22"
"128",2006-11-24,"Phoenix Suns",93,99,5,7,"2007","2006-11-24"
"137",2006-11-26,"Los Angeles Lakers",93,99,5,8,"2007","2006-11-26"
"147",2006-11-28,"Charlotte Bobcats",92,96,5,9,"2007","2006-11-28"
"157",2006-11-29,"Boston Celtics",106,103,6,9,"2007","2006-11-29"
"167",2006-12-02,"Philadelphia 76ers",112,107,7,9,"2007","2006-12-02"
"177",2006-12-05,"Dallas Mavericks",75,92,7,10,"2007","2006-12-05"
"187",2006-12-07,"Phoenix Suns",157,161,7,11,"2007","2006-12-07"
"197",2006-12-09,"Boston Celtics",90,92,7,12,"2007","2006-12-09"
"207",2006-12-11,"Memphis Grizzlies",105,92,8,12,"2007","2006-12-11"
"227",2006-12-13,"Milwaukee Bucks",108,95,9,12,"2007","2006-12-13"
"237",2006-12-15,"Toronto Raptors",78,90,9,13,"2007","2006-12-15"
"247",2006-12-16,"Detroit Pistons",82,90,9,14,"2007","2006-12-16"
"257",2006-12-18,"Golden State Warriors",105,97,10,14,"2007","2006-12-18"
"267",2006-12-20,"Cleveland Cavaliers",113,111,11,14,"2007","2006-12-20"
"277",2006-12-22,"Los Angeles Lakers",95,99,11,15,"2007","2006-12-22"
"287",2006-12-23,"Milwaukee Bucks",104,115,11,16,"2007","2006-12-23"
"297",2006-12-26,"Detroit Pistons",91,92,11,17,"2007","2006-12-26"
"307",2006-12-27,"Houston Rockets",71,96,11,18,"2007","2006-12-27"
"3111",2006-12-29,"Miami Heat",91,81,12,18,"2007","2006-12-29"
"328",2006-12-30,"Minnesota Timberwolves",100,92,13,18,"2007","2006-12-30"
"337",2007-01-05,"Chicago Bulls",91,86,14,18,"2007","2007-01-05"
"347",2007-01-06,"Cleveland Cavaliers",91,96,14,19,"2007","2007-01-06"
"357",2007-01-09,"Toronto Raptors",101,86,15,19,"2007","2007-01-09"
"367",2007-01-11,"Chicago Bulls",86,83,16,19,"2007","2007-01-11"
"377",2007-01-13,"Minnesota Timberwolves",98,109,16,20,"2007","2007-01-13"
"387",2007-01-15,"Indiana Pacers",105,95,17,20,"2007","2007-01-15"
"397",2007-01-17,"Charlotte Bobcats",92,85,18,20,"2007","2007-01-17"
"407",2007-01-19,"New York Knicks",101,100,19,20,"2007","2007-01-19"
"4111",2007-01-20,"Orlando Magic",101,94,20,20,"2007","2007-01-20"
"437",2007-01-22,"Sacramento Kings",87,88,20,21,"2007","2007-01-22"
"447",2007-01-24,"Golden State Warriors",109,110,20,22,"2007","2007-01-24"
"457",2007-01-25,"Los Angeles Clippers",101,102,20,23,"2007","2007-01-25"
"467",2007-01-27,"Denver Nuggets",112,102,21,23,"2007","2007-01-27"
"477",2007-01-29,"Utah Jazz",116,115,22,23,"2007","2007-01-29"
"487",2007-01-31,"Detroit Pistons",89,113,22,24,"2007","2007-01-31"
"497",2007-02-02,"Orlando Magic",86,119,22,25,"2007","2007-02-02"
"507",2007-02-04,"Atlanta Hawks",99,101,22,26,"2007","2007-02-04"
"5111",2007-02-05,"Philadelphia 76ers",98,100,22,27,"2007","2007-02-05"
"528",2007-02-07,"Atlanta Hawks",87,85,23,27,"2007","2007-02-07"
"537",2007-02-09,"Boston Celtics",92,78,24,27,"2007","2007-02-09"
"547",2007-02-10,"Orlando Magic",93,78,25,27,"2007","2007-02-10"
"557",2007-02-13,"San Antonio Spurs",82,107,25,28,"2007","2007-02-13"
"567",2007-02-14,"Toronto Raptors",109,120,25,29,"2007","2007-02-14"
"577",2007-02-21,"New Orleans/Oklahoma City Hornets",107,111,25,30,"2007","2007-02-21"
"587",2007-02-23,"Sacramento Kings",109,96,26,30,"2007","2007-02-23"
"597",2007-02-25,"New York Knicks",101,92,27,30,"2007","2007-02-25"
"607",2007-02-27,"Washington Wizards",113,101,28,30,"2007","2007-02-27"
"6111",2007-03-03,"Boston Celtics",88,96,28,31,"2007","2007-03-03"
"627",2007-03-04,"Philadelphia 76ers",86,99,28,32,"2007","2007-03-04"
"647",2007-03-06,"Dallas Mavericks",89,102,28,33,"2007","2007-03-06"
"657",2007-03-09,"Houston Rockets",91,112,28,34,"2007","2007-03-09"
"667",2007-03-10,"San Antonio Spurs",77,93,28,35,"2007","2007-03-10"
"677",2007-03-12,"Memphis Grizzlies",113,102,29,35,"2007","2007-03-12"
"687",2007-03-13,"New Orleans/Oklahoma City Hornets",112,108,30,35,"2007","2007-03-13"
"697",2007-03-15,"Miami Heat",86,93,30,36,"2007","2007-03-15"
"707",2007-03-18,"Los Angeles Clippers",101,95,31,36,"2007","2007-03-18"
"7111",2007-03-20,"Denver Nuggets",90,94,31,37,"2007","2007-03-20"
"728",2007-03-23,"Orlando Magic",82,90,31,38,"2007","2007-03-23"
"737",2007-03-24,"Charlotte Bobcats",113,107,32,38,"2007","2007-03-24"
"747",2007-03-28,"Indiana Pacers",118,94,33,38,"2007","2007-03-28"
"757",2007-03-30,"Detroit Pistons",105,110,33,39,"2007","2007-03-30"
"767",2007-03-31,"Philadelphia 76ers",86,82,34,39,"2007","2007-03-31"
"777",2007-04-04,"Atlanta Hawks",101,86,35,39,"2007","2007-04-04"
"787",2007-04-06,"Chicago Bulls",74,105,35,40,"2007","2007-04-06"
"797",2007-04-07,"Washington Wizards",120,114,36,40,"2007","2007-04-07"
"807",2007-04-10,"Washington Wizards",96,92,37,40,"2007","2007-04-10"
"819",2007-04-12,"Cleveland Cavaliers",76,94,37,41,"2007","2007-04-12"
"827",2007-04-13,"New York Knicks",100,86,38,41,"2007","2007-04-13"
"837",2007-04-15,"Indiana Pacers",111,107,39,41,"2007","2007-04-15"
"857",2007-04-16,"New York Knicks",104,95,40,41,"2007","2007-04-16"
"867",2007-04-18,"Chicago Bulls",106,97,41,41,"2007","2007-04-18"
"129",2007-10-31,"Chicago Bulls",112,103,1,0,"2008","2007-10-31"
"216",2007-11-02,"Toronto Raptors",69,106,1,1,"2008","2007-11-02"
"329",2007-11-03,"Philadelphia 76ers",93,88,2,1,"2008","2007-11-03"
"421",2007-11-06,"Atlanta Hawks",87,82,3,1,"2008","2007-11-06"
"529",2007-11-08,"Washington Wizards",87,85,4,1,"2008","2007-11-08"
"628",2007-11-10,"Boston Celtics",101,112,4,2,"2008","2007-11-10"
"729",2007-11-12,"New Orleans Hornets",82,84,4,3,"2008","2007-11-12"
"820",2007-11-14,"Boston Celtics",69,91,4,4,"2008","2007-11-14"
"98",2007-11-16,"Orlando Magic",70,95,4,5,"2008","2007-11-16"
"108",2007-11-17,"Miami Heat",87,91,4,6,"2008","2007-11-17"
"1112",2007-11-19,"Utah Jazz",75,102,4,7,"2008","2007-11-19"
"1210",2007-11-21,"Portland Trail Blazers",106,101,5,7,"2008","2007-11-21"
"138",2007-11-23,"Seattle SuperSonics",98,93,6,7,"2008","2007-11-23"
"148",2007-11-25,"Los Angeles Lakers",102,100,7,7,"2008","2007-11-25"
"158",2007-11-27,"Memphis Grizzlies",103,110,7,8,"2008","2007-11-27"
"168",2007-12-01,"Philadelphia 76ers",94,92,8,8,"2008","2007-12-01"
"178",2007-12-02,"Detroit Pistons",95,118,8,9,"2008","2007-12-02"
"188",2007-12-04,"Cleveland Cavaliers",100,79,9,9,"2008","2007-12-04"
"198",2007-12-05,"New York Knicks",93,100,9,10,"2008","2007-12-05"
"208",2007-12-07,"Houston Rockets",89,96,9,11,"2008","2007-12-07"
"228",2007-12-09,"Washington Wizards",89,104,9,12,"2008","2007-12-09"
"238",2007-12-11,"Los Angeles Clippers",82,91,9,13,"2008","2007-12-11"
"248",2007-12-14,"Cleveland Cavaliers",105,97,10,13,"2008","2007-12-14"
"258",2007-12-15,"New York Knicks",86,94,10,14,"2008","2007-12-15"
"268",2007-12-18,"Sacramento Kings",101,106,10,15,"2008","2007-12-18"
"278",2007-12-20,"Miami Heat",107,103,11,15,"2008","2007-12-20"
"288",2007-12-22,"Golden State Warriors",100,95,12,15,"2008","2007-12-22"
"298",2007-12-26,"Detroit Pistons",83,101,12,16,"2008","2007-12-26"
"308",2007-12-28,"Washington Wizards",109,106,13,16,"2008","2007-12-28"
"3112",2007-12-29,"Milwaukee Bucks",97,95,14,16,"2008","2007-12-29"
"3210",2008-01-02,"Orlando Magic",96,95,15,16,"2008","2008-01-02"
"338",2008-01-04,"Charlotte Bobcats",102,96,16,16,"2008","2008-01-04"
"348",2008-01-05,"Atlanta Hawks",113,107,17,16,"2008","2008-01-05"
"358",2008-01-08,"Charlotte Bobcats",99,115,17,17,"2008","2008-01-08"
"368",2008-01-09,"Seattle SuperSonics",99,88,18,17,"2008","2008-01-09"
"378",2008-01-11,"Boston Celtics",77,86,18,18,"2008","2008-01-11"
"388",2008-01-14,"Portland Trail Blazers",73,99,18,19,"2008","2008-01-14"
"398",2008-01-16,"New York Knicks",105,111,18,20,"2008","2008-01-16"
"408",2008-01-19,"Los Angeles Clippers",107,120,18,21,"2008","2008-01-19"
"4112",2008-01-20,"Phoenix Suns",92,116,18,22,"2008","2008-01-20"
"438",2008-01-22,"Sacramento Kings",94,128,18,23,"2008","2008-01-22"
"448",2008-01-24,"Golden State Warriors",119,121,18,24,"2008","2008-01-24"
"458",2008-01-25,"Denver Nuggets",85,100,18,25,"2008","2008-01-25"
"468",2008-01-27,"Minnesota Timberwolves",95,98,18,26,"2008","2008-01-27"
"478",2008-01-29,"Milwaukee Bucks",87,80,19,26,"2008","2008-01-29"
"488",2008-02-01,"Miami Heat",94,85,20,26,"2008","2008-02-01"
"498",2008-02-02,"Atlanta Hawks",92,104,20,27,"2008","2008-02-02"
"508",2008-02-05,"Los Angeles Lakers",90,105,20,28,"2008","2008-02-05"
"5112",2008-02-06,"Orlando Magic",84,100,20,29,"2008","2008-02-06"
"5210",2008-02-08,"Charlotte Bobcats",104,90,21,29,"2008","2008-02-08"
"538",2008-02-10,"Dallas Mavericks",101,82,22,29,"2008","2008-02-10"
"548",2008-02-12,"Minnesota Timberwolves",92,88,23,29,"2008","2008-02-12"
"558",2008-02-13,"Toronto Raptors",91,109,23,30,"2008","2008-02-13"
"568",2008-02-20,"Chicago Bulls",110,102,24,30,"2008","2008-02-20"
"578",2008-02-22,"Indiana Pacers",103,113,24,31,"2008","2008-02-22"
"588",2008-02-23,"Indiana Pacers",102,91,25,31,"2008","2008-02-23"
"598",2008-02-26,"Orlando Magic",92,102,25,32,"2008","2008-02-26"
"608",2008-02-28,"Milwaukee Bucks",120,106,26,32,"2008","2008-02-28"
"6112",2008-03-02,"San Antonio Spurs",83,93,26,33,"2008","2008-03-02"
"629",2008-03-04,"San Antonio Spurs",70,81,26,34,"2008","2008-03-04"
"648",2008-03-05,"Memphis Grizzlies",93,100,26,35,"2008","2008-03-05"
"658",2008-03-07,"New Orleans Hornets",96,107,26,36,"2008","2008-03-07"
"668",2008-03-08,"Dallas Mavericks",91,111,26,37,"2008","2008-03-08"
"678",2008-03-10,"Houston Rockets",73,91,26,38,"2008","2008-03-10"
"688",2008-03-12,"Cleveland Cavaliers",104,99,27,38,"2008","2008-03-12"
"698",2008-03-15,"Utah Jazz",117,115,28,38,"2008","2008-03-15"
"708",2008-03-18,"Chicago Bulls",96,112,28,39,"2008","2008-03-18"
"7112",2008-03-19,"Atlanta Hawks",125,117,29,39,"2008","2008-03-19"
"7210",2008-03-21,"Denver Nuggets",114,125,29,40,"2008","2008-03-21"
"738",2008-03-22,"Philadelphia 76ers",87,91,29,41,"2008","2008-03-22"
"748",2008-03-24,"New York Knicks",106,91,30,41,"2008","2008-03-24"
"758",2008-03-26,"Indiana Pacers",124,117,31,41,"2008","2008-03-26"
"768",2008-03-28,"Indiana Pacers",115,123,31,42,"2008","2008-03-28"
"778",2008-03-29,"Phoenix Suns",104,110,31,43,"2008","2008-03-29"
"788",2008-04-01,"Philadelphia 76ers",99,108,31,44,"2008","2008-04-01"
"798",2008-04-04,"Detroit Pistons",87,106,31,45,"2008","2008-04-04"
"808",2008-04-05,"Toronto Raptors",99,90,32,45,"2008","2008-04-05"
"8110",2008-04-09,"Cleveland Cavaliers",83,104,32,46,"2008","2008-04-09"
"828",2008-04-11,"Toronto Raptors",85,113,32,47,"2008","2008-04-11"
"838",2008-04-12,"Milwaukee Bucks",111,98,33,47,"2008","2008-04-12"
"858",2008-04-15,"Charlotte Bobcats",112,108,34,47,"2008","2008-04-15"
"868",2008-04-16,"Boston Celtics",94,105,34,48,"2008","2008-04-16"
"130",2008-10-29,"Washington Wizards",95,85,1,0,"2009","2008-10-29"
"217",2008-11-01,"Golden State Warriors",97,105,1,1,"2009","2008-11-01"
"330",2008-11-04,"Phoenix Suns",86,114,1,2,"2009","2008-11-04"
"422",2008-11-07,"Detroit Pistons",103,96,2,2,"2009","2008-11-07"
"530",2008-11-08,"Indiana Pacers",80,98,2,3,"2009","2008-11-08"
"630",2008-11-10,"Miami Heat",94,99,2,4,"2009","2008-11-10"
"730",2008-11-12,"Indiana Pacers",87,98,2,5,"2009","2008-11-12"
"829",2008-11-14,"Atlanta Hawks",115,108,3,5,"2009","2008-11-14"
"99",2008-11-15,"Atlanta Hawks",119,107,4,5,"2009","2008-11-15"
"109",2008-11-18,"Cleveland Cavaliers",82,106,4,6,"2009","2008-11-18"
"1113",2008-11-21,"Toronto Raptors",129,127,5,6,"2009","2008-11-21"
"1211",2008-11-22,"Los Angeles Clippers",112,95,6,6,"2009","2008-11-22"
"139",2008-11-25,"Los Angeles Lakers",93,120,6,7,"2009","2008-11-25"
"149",2008-11-26,"Sacramento Kings",116,114,7,7,"2009","2008-11-26"
"159",2008-11-29,"Utah Jazz",105,88,8,7,"2009","2008-11-29"
"169",2008-11-30,"Phoenix Suns",117,109,9,7,"2009","2008-11-30"
"179",2008-12-02,"Washington Wizards",88,108,9,8,"2009","2008-12-02"
"189",2008-12-05,"Minnesota Timberwolves",113,84,10,8,"2009","2008-12-05"
"199",2008-12-06,"Philadelphia 76ers",95,84,11,8,"2009","2008-12-06"
"209",2008-12-10,"New York Knicks",109,121,11,9,"2009","2008-12-10"
"229",2008-12-12,"Toronto Raptors",79,101,11,10,"2009","2008-12-12"
"239",2008-12-13,"Chicago Bulls",104,113,11,11,"2009","2008-12-13"
"249",2008-12-15,"Toronto Raptors",94,87,12,11,"2009","2008-12-15"
"259",2008-12-17,"Utah Jazz",92,103,12,12,"2009","2008-12-17"
"269",2008-12-19,"Dallas Mavericks",121,97,13,12,"2009","2008-12-19"
"279",2008-12-20,"Miami Heat",103,106,13,13,"2009","2008-12-20"
"289",2008-12-22,"Houston Rockets",91,114,13,14,"2009","2008-12-22"
"299",2008-12-23,"Indiana Pacers",108,107,14,14,"2009","2008-12-23"
"309",2008-12-26,"Charlotte Bobcats",87,95,14,15,"2009","2008-12-26"
"3113",2008-12-27,"Charlotte Bobcats",114,103,15,15,"2009","2008-12-27"
"3211",2008-12-29,"Chicago Bulls",87,100,15,16,"2009","2008-12-29"
"339",2008-12-31,"Detroit Pistons",75,83,15,17,"2009","2008-12-31"
"349",2009-01-02,"Atlanta Hawks",93,91,16,17,"2009","2009-01-02"
"359",2009-01-03,"Miami Heat",96,101,16,18,"2009","2009-01-03"
"369",2009-01-05,"Sacramento Kings",98,90,17,18,"2009","2009-01-05"
"379",2009-01-07,"Memphis Grizzlies",100,89,18,18,"2009","2009-01-07"
"389",2009-01-09,"Milwaukee Bucks",102,104,18,19,"2009","2009-01-09"
"399",2009-01-12,"Oklahoma City Thunder",103,99,19,19,"2009","2009-01-12"
"409",2009-01-14,"Boston Celtics",86,118,19,20,"2009","2009-01-14"
"4113",2009-01-15,"Portland Trail Blazers",99,105,19,21,"2009","2009-01-15"
"439",2009-01-17,"Boston Celtics",85,105,19,22,"2009","2009-01-17"
"449",2009-01-21,"New Orleans Hornets",92,102,19,23,"2009","2009-01-21"
"459",2009-01-23,"San Antonio Spurs",91,94,19,24,"2009","2009-01-23"
"469",2009-01-24,"Memphis Grizzlies",99,88,20,24,"2009","2009-01-24"
"479",2009-01-26,"Oklahoma City Thunder",85,94,20,25,"2009","2009-01-26"
"489",2009-01-28,"Toronto Raptors",106,107,20,26,"2009","2009-01-28"
"499",2009-01-30,"Atlanta Hawks",88,105,20,27,"2009","2009-01-30"
"509",2009-01-31,"Philadelphia 76ers",85,83,21,27,"2009","2009-01-31"
"5113",2009-02-03,"Milwaukee Bucks",99,85,22,27,"2009","2009-02-03"
"5211",2009-02-04,"Washington Wizards",115,88,23,27,"2009","2009-02-04"
"539",2009-02-07,"Denver Nuggets",114,70,24,27,"2009","2009-02-07"
"549",2009-02-08,"Orlando Magic",84,101,24,28,"2009","2009-02-08"
"559",2009-02-10,"San Antonio Spurs",93,108,24,29,"2009","2009-02-10"
"569",2009-02-17,"Houston Rockets",88,114,24,30,"2009","2009-02-17"
"579",2009-02-18,"Dallas Mavericks",98,113,24,31,"2009","2009-02-18"
"589",2009-02-20,"Washington Wizards",96,107,24,32,"2009","2009-02-20"
"599",2009-02-23,"Philadelphia 76ers",98,96,25,32,"2009","2009-02-23"
"609",2009-02-25,"Chicago Bulls",111,99,26,32,"2009","2009-02-25"
"6113",2009-03-01,"New Orleans Hornets",96,99,26,33,"2009","2009-03-01"
"6210",2009-03-03,"Milwaukee Bucks",99,95,27,33,"2009","2009-03-03"
"649",2009-03-04,"Boston Celtics",111,115,27,34,"2009","2009-03-04"
"659",2009-03-06,"Orlando Magic",102,105,27,35,"2009","2009-03-06"
"669",2009-03-08,"New York Knicks",106,101,28,35,"2009","2009-03-08"
"679",2009-03-11,"Golden State Warriors",112,116,28,36,"2009","2009-03-11"
"689",2009-03-13,"Portland Trail Blazers",100,109,28,37,"2009","2009-03-13"
"699",2009-03-15,"Los Angeles Clippers",105,107,28,38,"2009","2009-03-15"
"709",2009-03-16,"Denver Nuggets",96,121,28,39,"2009","2009-03-16"
"7113",2009-03-18,"New York Knicks",115,89,29,39,"2009","2009-03-18"
"7211",2009-03-20,"Miami Heat",96,88,30,39,"2009","2009-03-20"
"739",2009-03-22,"Cleveland Cavaliers",88,96,30,40,"2009","2009-03-22"
"749",2009-03-25,"Cleveland Cavaliers",87,98,30,41,"2009","2009-03-25"
"759",2009-03-27,"Los Angeles Lakers",95,103,30,42,"2009","2009-03-27"
"769",2009-03-29,"Minnesota Timberwolves",99,108,30,43,"2009","2009-03-29"
"779",2009-03-30,"Milwaukee Bucks",78,107,30,44,"2009","2009-03-30"
"789",2009-04-01,"Detroit Pistons",111,98,31,44,"2009","2009-04-01"
"799",2009-04-04,"Chicago Bulls",94,103,31,45,"2009","2009-04-04"
"809",2009-04-05,"Philadelphia 76ers",96,67,32,45,"2009","2009-04-05"
"8111",2009-04-08,"Boston Celtics",104,106,32,46,"2009","2009-04-08"
"8210",2009-04-10,"Detroit Pistons",93,100,32,47,"2009","2009-04-10"
"839",2009-04-11,"Orlando Magic",103,93,33,47,"2009","2009-04-11"
"859",2009-04-13,"Charlotte Bobcats",91,87,34,47,"2009","2009-04-13"
"869",2009-04-15,"New York Knicks",73,102,34,48,"2009","2009-04-15"
"140",2009-10-28,"Minnesota Timberwolves",93,95,0,1,"2010","2009-10-28"
"218",2009-10-30,"Orlando Magic",85,95,0,2,"2010","2009-10-30"
"340",2009-10-31,"Washington Wizards",104,123,0,3,"2010","2009-10-31"
"423",2009-11-02,"Charlotte Bobcats",68,79,0,4,"2010","2009-11-02"
"540",2009-11-04,"Denver Nuggets",94,122,0,5,"2010","2009-11-04"
"631",2009-11-06,"Philadelphia 76ers",94,97,0,6,"2010","2009-11-06"
"740",2009-11-07,"Boston Celtics",76,86,0,7,"2010","2009-11-07"
"830",2009-11-11,"Philadelphia 76ers",79,82,0,8,"2010","2009-11-11"
"910",2009-11-13,"Orlando Magic",72,88,0,9,"2010","2009-11-13"
"1010",2009-11-14,"Miami Heat",80,81,0,10,"2010","2009-11-14"
"1114",2009-11-17,"Indiana Pacers",83,91,0,11,"2010","2009-11-17"
"1212",2009-11-18,"Milwaukee Bucks",85,99,0,12,"2010","2009-11-18"
"1310",2009-11-21,"New York Knicks",91,98,0,13,"2010","2009-11-21"
"1410",2009-11-24,"Denver Nuggets",87,101,0,14,"2010","2009-11-24"
"1510",2009-11-25,"Portland Trail Blazers",83,93,0,15,"2010","2009-11-25"
"1610",2009-11-27,"Sacramento Kings",96,109,0,16,"2010","2009-11-27"
"1710",2009-11-29,"Los Angeles Lakers",87,106,0,17,"2010","2009-11-29"
"1810",2009-12-02,"Dallas Mavericks",101,117,0,18,"2010","2009-12-02"
"1910",2009-12-04,"Charlotte Bobcats",97,91,1,18,"2010","2009-12-04"
"2010",2009-12-06,"New York Knicks",97,106,1,19,"2010","2009-12-06"
"2210",2009-12-08,"Chicago Bulls",103,101,2,19,"2010","2009-12-08"
"2310",2009-12-09,"Golden State Warriors",89,105,2,20,"2010","2009-12-09"
"2410",2009-12-11,"Indiana Pacers",91,107,2,21,"2010","2009-12-11"
"2510",2009-12-13,"Atlanta Hawks",107,130,2,22,"2010","2009-12-13"
"2610",2009-12-15,"Cleveland Cavaliers",89,99,2,23,"2010","2009-12-15"
"2710",2009-12-16,"Utah Jazz",92,108,2,24,"2010","2009-12-16"
"2810",2009-12-18,"Toronto Raptors",95,118,2,25,"2010","2009-12-18"
"2910",2009-12-19,"Los Angeles Lakers",84,103,2,26,"2010","2009-12-19"
"3010",2009-12-23,"Minnesota Timberwolves",99,103,2,27,"2010","2009-12-23"
"3114",2009-12-26,"Houston Rockets",93,98,2,28,"2010","2009-12-26"
"3212",2009-12-28,"Oklahoma City Thunder",89,105,2,29,"2010","2009-12-28"
"3310",2009-12-30,"New York Knicks",104,95,3,29,"2010","2009-12-30"
"3410",2010-01-02,"Cleveland Cavaliers",86,94,3,30,"2010","2010-01-02"
"3510",2010-01-05,"Milwaukee Bucks",76,98,3,31,"2010","2010-01-05"
"3610",2010-01-06,"Atlanta Hawks",89,119,3,32,"2010","2010-01-06"
"3710",2010-01-08,"New Orleans Hornets",99,103,3,33,"2010","2010-01-08"
"3810",2010-01-10,"San Antonio Spurs",85,97,3,34,"2010","2010-01-10"
"3910",2010-01-13,"Boston Celtics",87,111,3,35,"2010","2010-01-13"
"4010",2010-01-15,"Indiana Pacers",105,121,3,36,"2010","2010-01-15"
"4114",2010-01-18,"Los Angeles Clippers",95,106,3,37,"2010","2010-01-18"
"4310",2010-01-20,"Phoenix Suns",94,118,3,38,"2010","2010-01-20"
"4410",2010-01-22,"Golden State Warriors",79,111,3,39,"2010","2010-01-22"
"4510",2010-01-23,"Utah Jazz",83,116,3,40,"2010","2010-01-23"
"4610",2010-01-27,"Los Angeles Clippers",103,87,4,40,"2010","2010-01-27"
"4710",2010-01-29,"Washington Wizards",79,81,4,41,"2010","2010-01-29"
"4810",2010-01-31,"Philadelphia 76ers",79,83,4,42,"2010","2010-01-31"
"4910",2010-02-02,"Detroit Pistons",93,97,4,43,"2010","2010-02-02"
"5010",2010-02-03,"Toronto Raptors",99,108,4,44,"2010","2010-02-03"
"5114",2010-02-05,"Boston Celtics",87,96,4,45,"2010","2010-02-05"
"5212",2010-02-06,"Detroit Pistons",92,99,4,46,"2010","2010-02-06"
"5310",2010-02-09,"Cleveland Cavaliers",97,104,4,47,"2010","2010-02-09"
"5410",2010-02-10,"Milwaukee Bucks",77,97,4,48,"2010","2010-02-10"
"5510",2010-02-16,"Charlotte Bobcats",103,94,5,48,"2010","2010-02-16"
"5610",2010-02-17,"Miami Heat",84,87,5,49,"2010","2010-02-17"
"5710",2010-02-19,"Toronto Raptors",89,106,5,50,"2010","2010-02-19"
"5810",2010-02-21,"Memphis Grizzlies",94,104,5,51,"2010","2010-02-21"
"5910",2010-02-23,"Portland Trail Blazers",93,102,5,52,"2010","2010-02-23"
"6010",2010-02-27,"Boston Celtics",104,96,6,52,"2010","2010-02-27"
"6114",2010-02-28,"Washington Wizards",85,89,6,53,"2010","2010-02-28"
"6211",2010-03-03,"Cleveland Cavaliers",92,111,6,54,"2010","2010-03-03"
"6410",2010-03-05,"Orlando Magic",87,97,6,55,"2010","2010-03-05"
"6510",2010-03-06,"New York Knicks",113,93,7,55,"2010","2010-03-06"
"6610",2010-03-08,"Memphis Grizzlies",101,107,7,56,"2010","2010-03-08"
"6710",2010-03-10,"Dallas Mavericks",87,96,7,57,"2010","2010-03-10"
"6810",2010-03-12,"Oklahoma City Thunder",102,104,7,58,"2010","2010-03-12"
"6910",2010-03-13,"Houston Rockets",108,116,7,59,"2010","2010-03-13"
"7010",2010-03-16,"Atlanta Hawks",84,108,7,60,"2010","2010-03-16"
"7114",2010-03-17,"Philadelphia 76ers",97,108,7,61,"2010","2010-03-17"
"7212",2010-03-20,"Toronto Raptors",90,100,7,62,"2010","2010-03-20"
"7310",2010-03-22,"Miami Heat",89,99,7,63,"2010","2010-03-22"
"7410",2010-03-24,"Sacramento Kings",93,79,8,63,"2010","2010-03-24"
"7510",2010-03-26,"Detroit Pistons",118,110,9,63,"2010","2010-03-26"
"7610",2010-03-27,"Chicago Bulls",83,106,9,64,"2010","2010-03-27"
"7710",2010-03-29,"San Antonio Spurs",90,84,10,64,"2010","2010-03-29"
"7810",2010-03-31,"Phoenix Suns",105,116,10,65,"2010","2010-03-31"
"7910",2010-04-03,"New Orleans Hornets",115,87,11,65,"2010","2010-04-03"
"8010",2010-04-04,"Washington Wizards",99,109,11,66,"2010","2010-04-04"
"8112",2010-04-07,"Milwaukee Bucks",89,108,11,67,"2010","2010-04-07"
"8211",2010-04-09,"Chicago Bulls",127,116,12,67,"2010","2010-04-09"
"8310",2010-04-10,"Indiana Pacers",102,115,12,68,"2010","2010-04-10"
"8510",2010-04-12,"Charlotte Bobcats",95,105,12,69,"2010","2010-04-12"
"8610",2010-04-14,"Miami Heat",86,94,12,70,"2010","2010-04-14"
"150",2010-10-27,"Detroit Pistons",101,98,1,0,"2011","2010-10-27"
"219",2010-10-29,"Sacramento Kings",106,100,2,0,"2011","2010-10-29"
"350",2010-10-31,"Miami Heat",78,101,2,1,"2011","2010-10-31"
"424",2010-11-03,"Charlotte Bobcats",83,85,2,2,"2011","2010-11-03"
"550",2010-11-05,"Orlando Magic",90,105,2,3,"2011","2010-11-05"
"632",2010-11-06,"Miami Heat",89,101,2,4,"2011","2010-11-06"
"750",2010-11-09,"Cleveland Cavaliers",91,93,2,5,"2011","2010-11-09"
"840",2010-11-10,"Cleveland Cavaliers",95,87,3,5,"2011","2010-11-10"
"911",2010-11-13,"Orlando Magic",90,91,3,6,"2011","2010-11-13"
"1011",2010-11-15,"Los Angeles Clippers",110,96,4,6,"2011","2010-11-15"
"1115",2010-11-17,"Utah Jazz",88,98,4,7,"2011","2010-11-17"
"1213",2010-11-19,"Sacramento Kings",81,86,4,8,"2011","2010-11-19"
"1311",2010-11-20,"Denver Nuggets",103,107,4,9,"2011","2010-11-20"
"1411",2010-11-23,"Atlanta Hawks",107,101,5,9,"2011","2010-11-23"
"1511",2010-11-24,"Boston Celtics",83,89,5,10,"2011","2010-11-24"
"1611",2010-11-27,"Philadelphia 76ers",86,102,5,11,"2011","2010-11-27"
"1711",2010-11-28,"Portland Trail Blazers",98,96,6,11,"2011","2010-11-28"
"1811",2010-11-30,"New York Knicks",100,111,6,12,"2011","2010-11-30"
"1911",2010-12-01,"Oklahoma City Thunder",120,123,6,13,"2011","2010-12-01"
"2011",2010-12-03,"Charlotte Bobcats",84,91,6,14,"2011","2010-12-03"
"2211",2010-12-05,"Boston Celtics",75,100,6,15,"2011","2010-12-05"
"2311",2010-12-07,"Atlanta Hawks",101,116,6,16,"2011","2010-12-07"
"2411",2010-12-09,"Dallas Mavericks",89,102,6,17,"2011","2010-12-09"
"2511",2010-12-12,"Los Angeles Lakers",92,99,6,18,"2011","2010-12-12"
"2611",2010-12-14,"Philadelphia 76ers",77,82,6,19,"2011","2010-12-14"
"2711",2010-12-16,"Washington Wizards",97,89,7,19,"2011","2010-12-16"
"2811",2010-12-17,"Toronto Raptors",92,98,7,20,"2011","2010-12-17"
"2911",2010-12-19,"Atlanta Hawks",89,82,8,20,"2011","2010-12-19"
"3011",2010-12-21,"Memphis Grizzlies",101,94,9,20,"2011","2010-12-21"
"3115",2010-12-22,"New Orleans Hornets",91,105,9,21,"2011","2010-12-22"
"3213",2010-12-27,"Orlando Magic",88,104,9,22,"2011","2010-12-27"
"3311",2010-12-29,"Oklahoma City Thunder",93,114,9,23,"2011","2010-12-29"
"3411",2010-12-31,"Chicago Bulls",81,90,9,24,"2011","2010-12-31"
"3511",2011-01-01,"Minnesota Timberwolves",88,103,9,25,"2011","2011-01-01"
"3611",2011-01-05,"Chicago Bulls",96,94,10,25,"2011","2011-01-05"
"3711",2011-01-07,"Washington Wizards",77,97,10,26,"2011","2011-01-07"
"3811",2011-01-08,"Milwaukee Bucks",92,115,10,27,"2011","2011-01-08"
"3911",2011-01-12,"Phoenix Suns",109,118,10,28,"2011","2011-01-12"
"4011",2011-01-14,"Los Angeles Lakers",88,100,10,29,"2011","2011-01-14"
"4115",2011-01-15,"Portland Trail Blazers",89,96,10,30,"2011","2011-01-15"
"4311",2011-01-17,"Golden State Warriors",100,109,10,31,"2011","2011-01-17"
"4411",2011-01-19,"Utah Jazz",103,95,11,31,"2011","2011-01-19"
"4511",2011-01-21,"Detroit Pistons",89,74,12,31,"2011","2011-01-21"
"4611",2011-01-22,"Dallas Mavericks",86,87,12,32,"2011","2011-01-22"
"4711",2011-01-24,"Cleveland Cavaliers",103,101,13,32,"2011","2011-01-24"
"4811",2011-01-26,"Memphis Grizzlies",93,88,14,32,"2011","2011-01-26"
"4911",2011-01-28,"Indiana Pacers",92,124,14,33,"2011","2011-01-28"
"5011",2011-01-29,"Milwaukee Bucks",81,91,14,34,"2011","2011-01-29"
"5115",2011-01-31,"Denver Nuggets",115,99,15,34,"2011","2011-01-31"
"5213",2011-02-02,"Philadelphia 76ers",92,106,15,35,"2011","2011-02-02"
"5311",2011-02-04,"Detroit Pistons",82,92,15,36,"2011","2011-02-04"
"5411",2011-02-06,"Indiana Pacers",86,105,15,37,"2011","2011-02-06"
"5511",2011-02-09,"New Orleans Hornets",103,101,16,37,"2011","2011-02-09"
"5611",2011-02-11,"Charlotte Bobcats",94,89,17,37,"2011","2011-02-11"
"5711",2011-02-12,"New York Knicks",95,105,17,38,"2011","2011-02-12"
"5811",2011-02-14,"San Antonio Spurs",85,102,17,39,"2011","2011-02-14"
"5911",2011-02-16,"Boston Celtics",80,94,17,40,"2011","2011-02-16"
"6011",2011-02-25,"San Antonio Spurs",96,106,17,41,"2011","2011-02-25"
"6115",2011-02-26,"Houston Rockets",108,123,17,42,"2011","2011-02-26"
"6212",2011-02-28,"Phoenix Suns",103,104,17,43,"2011","2011-02-28"
"6411",2011-03-04,"Toronto Raptors",116,103,18,43,"2011","2011-03-04"
"6511",2011-03-05,"Toronto Raptors",137,136,19,43,"2011","2011-03-05"
"6611",2011-03-09,"Golden State Warriors",94,90,20,43,"2011","2011-03-09"
"6711",2011-03-11,"Los Angeles Clippers",102,98,21,43,"2011","2011-03-11"
"6811",2011-03-14,"Boston Celtics",88,79,22,43,"2011","2011-03-14"
"6911",2011-03-17,"Chicago Bulls",73,84,22,44,"2011","2011-03-17"
"7011",2011-03-18,"Milwaukee Bucks",95,110,22,45,"2011","2011-03-18"
"7115",2011-03-20,"Washington Wizards",92,98,22,46,"2011","2011-03-20"
"7213",2011-03-21,"Indiana Pacers",98,102,22,47,"2011","2011-03-21"
"7311",2011-03-23,"Cleveland Cavaliers",98,94,23,47,"2011","2011-03-23"
"7411",2011-03-25,"Orlando Magic",85,95,23,48,"2011","2011-03-25"
"7511",2011-03-26,"Atlanta Hawks",87,98,23,49,"2011","2011-03-26"
"7611",2011-03-29,"Houston Rockets",87,112,23,50,"2011","2011-03-29"
"7711",2011-03-30,"New York Knicks",116,120,23,51,"2011","2011-03-30"
"7811",2011-04-01,"Philadelphia 76ers",90,115,23,52,"2011","2011-04-01"
"7911",2011-04-03,"Miami Heat",94,108,23,53,"2011","2011-04-03"
"8011",2011-04-05,"Minnesota Timberwolves",107,105,24,53,"2011","2011-04-05"
"8113",2011-04-06,"Detroit Pistons",109,116,24,54,"2011","2011-04-06"
"8212",2011-04-08,"New York Knicks",93,116,24,55,"2011","2011-04-08"
"8311",2011-04-10,"Toronto Raptors",92,99,24,56,"2011","2011-04-10"
"8511",2011-04-11,"Charlotte Bobcats",103,105,24,57,"2011","2011-04-11"
"8611",2011-04-13,"Chicago Bulls",92,97,24,58,"2011","2011-04-13"
"160",2011-12-26,"Washington Wizards",90,84,1,0,"2012","2011-12-26"
"220",2011-12-27,"Atlanta Hawks",70,106,1,1,"2012","2011-12-27"
"360",2011-12-29,"Orlando Magic",78,94,1,2,"2012","2011-12-29"
"425",2011-12-30,"Atlanta Hawks",98,105,1,3,"2012","2011-12-30"
"560",2012-01-01,"Cleveland Cavaliers",82,98,1,4,"2012","2012-01-01"
"633",2012-01-02,"Indiana Pacers",94,108,1,5,"2012","2012-01-02"
"760",2012-01-04,"Boston Celtics",70,89,1,6,"2012","2012-01-04"
"841",2012-01-06,"Toronto Raptors",97,85,2,6,"2012","2012-01-06"
"912",2012-01-07,"Miami Heat",90,101,2,7,"2012","2012-01-07"
"1012",2012-01-09,"Atlanta Hawks",101,106,2,8,"2012","2012-01-09"
"1116",2012-01-11,"Denver Nuggets",115,123,2,9,"2012","2012-01-11"
"1214",2012-01-13,"Phoenix Suns",110,103,3,9,"2012","2012-01-13"
"1312",2012-01-14,"Utah Jazz",94,107,3,10,"2012","2012-01-14"
"1412",2012-01-16,"Los Angeles Clippers",91,101,3,11,"2012","2012-01-16"
"1512",2012-01-18,"Golden State Warriors",107,100,4,11,"2012","2012-01-18"
"1612",2012-01-21,"Oklahoma City Thunder",74,84,4,12,"2012","2012-01-21"
"1712",2012-01-22,"Charlotte Bobcats",97,87,5,12,"2012","2012-01-22"
"1812",2012-01-23,"Chicago Bulls",95,110,5,13,"2012","2012-01-23"
"1912",2012-01-25,"Philadelphia 76ers",97,90,6,13,"2012","2012-01-25"
"2012",2012-01-27,"Cleveland Cavaliers",99,96,7,13,"2012","2012-01-27"
"2212",2012-01-29,"Toronto Raptors",73,94,7,14,"2012","2012-01-29"
"2312",2012-01-31,"Indiana Pacers",99,106,7,15,"2012","2012-01-31"
"2412",2012-02-01,"Detroit Pistons",99,96,8,15,"2012","2012-02-01"
"2512",2012-02-03,"Minnesota Timberwolves",105,108,8,16,"2012","2012-02-03"
"2612",2012-02-04,"New York Knicks",92,99,8,17,"2012","2012-02-04"
"2712",2012-02-06,"Chicago Bulls",87,108,8,18,"2012","2012-02-06"
"2812",2012-02-08,"Detroit Pistons",92,99,8,19,"2012","2012-02-08"
"2912",2012-02-10,"Detroit Pistons",92,109,8,20,"2012","2012-02-10"
"3012",2012-02-11,"San Antonio Spurs",89,103,8,21,"2012","2012-02-11"
"3116",2012-02-15,"Memphis Grizzlies",100,105,8,22,"2012","2012-02-15"
"3214",2012-02-16,"Indiana Pacers",88,93,8,23,"2012","2012-02-16"
"3312",2012-02-18,"Chicago Bulls",97,85,9,23,"2012","2012-02-18"
"3412",2012-02-19,"Milwaukee Bucks",85,92,9,24,"2012","2012-02-19"
"3512",2012-02-20,"New York Knicks",100,92,10,24,"2012","2012-02-20"
"3612",2012-02-22,"Orlando Magic",91,108,10,25,"2012","2012-02-22"
"3712",2012-02-28,"Dallas Mavericks",93,92,11,25,"2012","2012-02-28"
"3812",2012-03-02,"Boston Celtics",94,107,11,26,"2012","2012-03-02"
"3912",2012-03-04,"Charlotte Bobcats",104,101,12,26,"2012","2012-03-04"
"4012",2012-03-06,"Miami Heat",78,108,12,27,"2012","2012-03-06"
"4116",2012-03-07,"Los Angeles Clippers",101,100,13,27,"2012","2012-03-07"
"4312",2012-03-09,"Charlotte Bobcats",83,74,14,27,"2012","2012-03-09"
"4412",2012-03-10,"Houston Rockets",106,112,14,28,"2012","2012-03-10"
"4512",2012-03-12,"Milwaukee Bucks",99,105,14,29,"2012","2012-03-12"
"4612",2012-03-14,"Toronto Raptors",98,84,15,29,"2012","2012-03-14"
"4712",2012-03-16,"Orlando Magic",70,86,15,30,"2012","2012-03-16"
"4812",2012-03-17,"New Orleans Hornets",94,102,15,31,"2012","2012-03-17"
"4912",2012-03-19,"Cleveland Cavaliers",100,105,15,32,"2012","2012-03-19"
"5012",2012-03-21,"Washington Wizards",89,108,15,33,"2012","2012-03-21"
"5116",2012-03-23,"Atlanta Hawks",84,93,15,34,"2012","2012-03-23"
"5214",2012-03-24,"Charlotte Bobcats",102,89,16,34,"2012","2012-03-24"
"5312",2012-03-26,"Utah Jazz",84,105,16,35,"2012","2012-03-26"
"5412",2012-03-28,"Indiana Pacers",100,84,17,35,"2012","2012-03-28"
"5512",2012-03-30,"Golden State Warriors",102,100,18,35,"2012","2012-03-30"
"5612",2012-03-31,"Sacramento Kings",111,99,19,35,"2012","2012-03-31"
"5712",2012-04-03,"Los Angeles Lakers",87,91,19,36,"2012","2012-04-03"
"5812",2012-04-04,"Portland Trail Blazers",88,101,19,37,"2012","2012-04-04"
"5912",2012-04-06,"Washington Wizards",110,98,20,37,"2012","2012-04-06"
"6012",2012-04-08,"Cleveland Cavaliers",122,117,21,37,"2012","2012-04-08"
"6116",2012-04-10,"Philadelphia 76ers",88,107,21,38,"2012","2012-04-10"
"6213",2012-04-13,"Philadelphia 76ers",95,89,22,38,"2012","2012-04-13"
"6412",2012-04-14,"Boston Celtics",82,94,22,39,"2012","2012-04-14"
"6512",2012-04-16,"Miami Heat",98,101,22,40,"2012","2012-04-16"
"6612",2012-04-18,"New York Knicks",95,104,22,41,"2012","2012-04-18"
"6712",2012-04-21,"Milwaukee Bucks",95,106,22,42,"2012","2012-04-21"
"6812",2012-04-23,"Philadelphia 76ers",87,105,22,43,"2012","2012-04-23"
"6912",2012-04-26,"Toronto Raptors",67,98,22,44,"2012","2012-04-26"
"170",2012-11-03,"Toronto Raptors",107,100,1,0,"2013","2012-11-03"
"230",2012-11-05,"Minnesota Timberwolves",96,107,1,1,"2013","2012-11-05"
"370",2012-11-07,"Miami Heat",73,103,1,2,"2013","2012-11-07"
"426",2012-11-09,"Orlando Magic",107,68,2,2,"2013","2012-11-09"
"570",2012-11-11,"Orlando Magic",82,74,3,2,"2013","2012-11-11"
"634",2012-11-13,"Cleveland Cavaliers",114,101,4,2,"2013","2012-11-13"
"770",2012-11-15,"Boston Celtics",102,97,5,2,"2013","2012-11-15"
"842",2012-11-18,"Sacramento Kings",99,90,6,2,"2013","2012-11-18"
"913",2012-11-20,"Los Angeles Lakers",90,95,6,3,"2013","2012-11-20"
"1013",2012-11-21,"Golden State Warriors",93,102,6,4,"2013","2012-11-21"
"1117",2012-11-23,"Los Angeles Clippers",86,76,7,4,"2013","2012-11-23"
"1215",2012-11-25,"Portland Trail Blazers",98,85,8,4,"2013","2012-11-25"
"1313",2012-11-26,"New York Knicks",96,89,9,4,"2013","2012-11-26"
"1413",2012-11-28,"Boston Celtics",95,83,10,4,"2013","2012-11-28"
"1513",2012-11-30,"Orlando Magic",98,86,11,4,"2013","2012-11-30"
"1613",2012-12-01,"Miami Heat",89,102,11,5,"2013","2012-12-01"
"1713",2012-12-04,"Oklahoma City Thunder",111,117,11,6,"2013","2012-12-04"
"1813",2012-12-07,"Golden State Warriors",102,109,11,7,"2013","2012-12-07"
"1913",2012-12-09,"Milwaukee Bucks",88,97,11,8,"2013","2012-12-09"
"2013",2012-12-11,"New York Knicks",97,100,11,9,"2013","2012-12-11"
"2213",2012-12-12,"Toronto Raptors",94,88,12,9,"2013","2012-12-12"
"2313",2012-12-14,"Detroit Pistons",107,105,13,9,"2013","2012-12-14"
"2413",2012-12-15,"Chicago Bulls",82,83,13,10,"2013","2012-12-15"
"2513",2012-12-18,"Utah Jazz",90,92,13,11,"2013","2012-12-18"
"2613",2012-12-19,"New York Knicks",86,100,13,12,"2013","2012-12-19"
"2713",2012-12-23,"Philadelphia 76ers",95,92,14,12,"2013","2012-12-23"
"2813",2012-12-25,"Boston Celtics",76,93,14,13,"2013","2012-12-25"
"2913",2012-12-26,"Milwaukee Bucks",93,108,14,14,"2013","2012-12-26"
"3013",2012-12-28,"Charlotte Bobcats",97,81,15,14,"2013","2012-12-28"
"3117",2012-12-29,"Cleveland Cavaliers",103,100,16,14,"2013","2012-12-29"
"3215",2012-12-31,"San Antonio Spurs",73,104,16,15,"2013","2012-12-31"
"3313",2013-01-02,"Oklahoma City Thunder",110,93,17,15,"2013","2013-01-02"
"3413",2013-01-04,"Washington Wizards",115,113,18,15,"2013","2013-01-04"
"3513",2013-01-05,"Sacramento Kings",113,93,19,15,"2013","2013-01-05"
"3613",2013-01-08,"Philadelphia 76ers",109,89,20,15,"2013","2013-01-08"
"3713",2013-01-11,"Phoenix Suns",99,79,21,15,"2013","2013-01-11"
"3813",2013-01-13,"Indiana Pacers",97,86,22,15,"2013","2013-01-13"
"3913",2013-01-15,"Toronto Raptors",113,106,23,15,"2013","2013-01-15"
"4013",2013-01-16,"Atlanta Hawks",95,109,23,16,"2013","2013-01-16"
"4117",2013-01-18,"Atlanta Hawks",94,89,24,16,"2013","2013-01-18"
"4313",2013-01-21,"New York Knicks",88,85,25,16,"2013","2013-01-21"
"4413",2013-01-23,"Minnesota Timberwolves",91,83,26,16,"2013","2013-01-23"
"4513",2013-01-25,"Memphis Grizzlies",77,101,26,17,"2013","2013-01-25"
"4613",2013-01-26,"Houston Rockets",106,119,26,18,"2013","2013-01-26"
"4713",2013-01-28,"Orlando Magic",97,77,27,18,"2013","2013-01-28"
"4813",2013-01-30,"Miami Heat",85,105,27,19,"2013","2013-01-30"
"4913",2013-02-01,"Chicago Bulls",93,89,28,19,"2013","2013-02-01"
"5013",2013-02-05,"Los Angeles Lakers",83,92,28,20,"2013","2013-02-05"
"5117",2013-02-06,"Detroit Pistons",93,90,29,20,"2013","2013-02-06"
"5215",2013-02-08,"Washington Wizards",74,89,29,21,"2013","2013-02-08"
"5313",2013-02-10,"San Antonio Spurs",86,111,29,22,"2013","2013-02-10"
"5413",2013-02-11,"Indiana Pacers",89,84,30,22,"2013","2013-02-11"
"5513",2013-02-13,"Denver Nuggets",119,108,31,22,"2013","2013-02-13"
"5613",2013-02-19,"Milwaukee Bucks",113,111,32,22,"2013","2013-02-19"
"5713",2013-02-20,"Milwaukee Bucks",97,94,33,22,"2013","2013-02-20"
"5813",2013-02-22,"Houston Rockets",96,106,33,23,"2013","2013-02-22"
"5913",2013-02-24,"Memphis Grizzlies",72,76,33,24,"2013","2013-02-24"
"6013",2013-02-26,"New Orleans Hornets",101,97,34,24,"2013","2013-02-26"
"6117",2013-03-01,"Dallas Mavericks",90,98,34,25,"2013","2013-03-01"
"6214",2013-03-02,"Chicago Bulls",85,96,34,26,"2013","2013-03-02"
"6413",2013-03-06,"Charlotte Bobcats",99,78,35,26,"2013","2013-03-06"
"6513",2013-03-08,"Washington Wizards",95,78,36,26,"2013","2013-03-08"
"6613",2013-03-09,"Atlanta Hawks",93,80,37,26,"2013","2013-03-09"
"6713",2013-03-11,"Philadelphia 76ers",97,106,37,27,"2013","2013-03-11"
"6813",2013-03-12,"New Orleans Hornets",108,98,38,27,"2013","2013-03-12"
"6913",2013-03-17,"Atlanta Hawks",93,105,38,28,"2013","2013-03-17"
"7012",2013-03-18,"Detroit Pistons",119,82,39,28,"2013","2013-03-18"
"7116",2013-03-20,"Dallas Mavericks",113,96,40,28,"2013","2013-03-20"
"7214",2013-03-23,"Los Angeles Clippers",95,101,40,29,"2013","2013-03-23"
"7312",2013-03-24,"Phoenix Suns",102,100,41,29,"2013","2013-03-24"
"7412",2013-03-27,"Portland Trail Blazers",111,93,42,29,"2013","2013-03-27"
"7512",2013-03-29,"Denver Nuggets",87,109,42,30,"2013","2013-03-29"
"7612",2013-03-30,"Utah Jazz",107,116,42,31,"2013","2013-03-30"
"7712",2013-04-03,"Cleveland Cavaliers",113,95,43,31,"2013","2013-04-03"
"7812",2013-04-04,"Chicago Bulls",90,92,43,32,"2013","2013-04-04"
"7912",2013-04-06,"Charlotte Bobcats",105,96,44,32,"2013","2013-04-06"
"8012",2013-04-09,"Philadelphia 76ers",104,83,45,32,"2013","2013-04-09"
"8114",2013-04-10,"Boston Celtics",101,93,46,32,"2013","2013-04-10"
"8213",2013-04-12,"Indiana Pacers",117,109,47,32,"2013","2013-04-12"
"8312",2013-04-14,"Toronto Raptors",87,93,47,33,"2013","2013-04-14"
"8512",2013-04-15,"Washington Wizards",106,101,48,33,"2013","2013-04-15"
"8612",2013-04-17,"Detroit Pistons",103,99,49,33,"2013","2013-04-17"
